,type,game_id,home_team,away_team,week,season,game_url,home_score,away_score,h_win,lastN_net_totfd,lastN_net_totyds,lastN_net_pyds,lastN_net_ryds,lastN_net_pen,lastN_net_penyds,lastN_net_trnover,lastN_net_pt,lastN_net_ptyds,lastN_net_ptavg,lastN_net_top
0,reg,2018090600,PHI,ATL,1,2018,http://www.nfl.com/liveupdate/game-center/2018090600/2018090600_gtd.json,18,12,1,-1.0,-15.666666666666664,-7.0,-8.666666666666671,1.0,20.333333333333336,0.6666666666666667,0.6666666666666666,-3.666666666666668,-8.333333333333334,-7.044444444444439
1,reg,2018090900,BAL,BUF,1,2018,http://www.nfl.com/liveupdate/game-center/2018090900/2018090900_gtd.json,47,3,1,-4.666666666666667,-79.33333333333334,-53.66666666666667,-25.666666666666668,-0.3333333333333333,-7.999999999999999,1.6666666666666665,0.6666666666666666,23.666666666666664,-5.666666666666667,1.4000000000000032
2,reg,2018090907,NYG,JAX,1,2018,http://www.nfl.com/liveupdate/game-center/2018090907/2018090907_gtd.json,15,20,0,3.6666666666666665,54.99999999999999,30.333333333333332,24.66666666666667,2.3333333333333335,29.0,1.3333333333333335,1.6666666666666667,34.333333333333336,-17.666666666666668,-1.1444444444444422
3,reg,2018090906,NO,TB,1,2018,http://www.nfl.com/liveupdate/game-center/2018090906/2018090906_gtd.json,40,48,0,2.0000000000000004,93.33333333333333,62.00000000000001,31.333333333333336,-0.6666666666666665,3.333333333333332,0.3333333333333333,-1.3333333333333333,-64.66666666666667,3.3333333333333335,3.8111111111111136
4,reg,2018090905,NE,HOU,1,2018,http://www.nfl.com/liveupdate/game-center/2018090905/2018090905_gtd.json,27,20,1,3.666666666666667,1.6666666666666714,-31.0,32.666666666666664,1.0,-5.999999999999998,0.3333333333333333,0.3333333333333333,-3.0,-3.0,5.388888888888892
5,reg,2018090904,MIN,SF,1,2018,http://www.nfl.com/liveupdate/game-center/2018090904/2018090904_gtd.json,24,16,1,10.666666666666666,181.0,92.66666666666667,88.33333333333333,3.3333333333333335,21.666666666666664,1.6666666666666665,-2.0,-120.0,-5.666666666666667,5.033333333333334
6,reg,2018090903,MIA,TEN,1,2018,http://www.nfl.com/liveupdate/game-center/2018090903/2018090903_gtd.json,27,20,1,3.0,9.666666666666664,-7.666666666666668,17.333333333333336,-0.6666666666666666,0.3333333333333339,0.0,0.0,28.0,8.0,-1.0444444444444465
7,reg,2018090902,IND,CIN,1,2018,http://www.nfl.com/liveupdate/game-center/2018090902/2018090902_gtd.json,23,34,0,-5.666666666666667,-130.66666666666666,-71.66666666666667,-59.0,-3.0,-23.666666666666664,-0.3333333333333333,3.0,116.66666666666666,-8.0,-6.355555555555559
8,reg,2018090901,CLE,PIT,1,2018,http://www.nfl.com/liveupdate/game-center/2018090901/2018090901_gtd.json,21,21,0,1.0,-18.333333333333332,9.333333333333343,-27.666666666666668,-4.0,-57.33333333333333,-0.3333333333333333,-1.6666666666666667,-82.0,5.0,-5.16666666666667
9,reg,2018090908,LAC,KC,1,2018,http://www.nfl.com/liveupdate/game-center/2018090908/2018090908_gtd.json,28,38,0,-1.0000000000000002,19.666666666666664,-4.999999999999999,24.66666666666667,1.3333333333333333,-7.000000000000002,0.6666666666666667,0.3333333333333333,13.666666666666668,-8.666666666666668,-5.644444444444446
10,reg,2018090911,DEN,SEA,1,2018,http://www.nfl.com/liveupdate/game-center/2018090911/2018090911_gtd.json,27,24,1,0.0,-67.33333333333334,-38.666666666666664,-28.66666666666667,-3.666666666666667,-29.666666666666668,-1.3333333333333333,0.0,-2.333333333333334,-2.333333333333333,-0.09999999999999964
11,reg,2018090910,CAR,DAL,1,2018,http://www.nfl.com/liveupdate/game-center/2018090910/2018090910_gtd.json,16,8,1,3.3333333333333335,-13.0,-34.33333333333333,21.333333333333336,-2.666666666666667,30.666666666666668,-4.0,2.0,83.0,-4.0,5.82222222222222
12,reg,2018090909,ARI,WAS,1,2018,http://www.nfl.com/liveupdate/game-center/2018090909/2018090909_gtd.json,6,24,0,-2.333333333333333,-69.0,-31.999999999999996,-37.0,-0.6666666666666666,8.0,0.33333333333333326,1.3333333333333333,52.66666666666667,2.3333333333333335,-0.3222222222222193
13,reg,2018090912,GB,CHI,1,2018,http://www.nfl.com/liveupdate/game-center/2018090912/2018090912_gtd.json,24,23,1,-2.0,10.333333333333336,79.33333333333334,-69.0,2.3333333333333335,54.0,-0.33333333333333326,0.0,21.333333333333336,2.3333333333333335,-5.12222222222222
14,reg,2018091000,DET,NYJ,1,2018,http://www.nfl.com/liveupdate/game-center/2018091000/2018091000_gtd.json,17,48,0,0.0,3.6666666666666643,60.666666666666664,-57.0,-1.3333333333333335,-6.666666666666668,-3.333333333333333,0.0,4.666666666666664,-2.3333333333333335,-0.8222222222222312
15,reg,2018091001,OAK,LA,1,2018,http://www.nfl.com/liveupdate/game-center/2018091001/2018091001_gtd.json,13,33,0,9.333333333333332,171.66666666666669,104.66666666666667,67.0,0.3333333333333335,-24.333333333333336,-2.0,-1.6666666666666667,-87.66666666666666,-0.6666666666666665,1.755555555555555
16,reg,2018091300,CIN,BAL,2,2018,http://www.nfl.com/liveupdate/game-center/2018091300/2018091300_gtd.json,34,23,1,-1.333333333333333,-35.0,-30.0,-5.0,-2.3333333333333335,-0.3333333333333339,0.3333333333333333,0.3333333333333333,30.666666666666664,6.0,-3.833333333333332
17,reg,2018091600,ATL,CAR,2,2018,http://www.nfl.com/liveupdate/game-center/2018091600/2018091600_gtd.json,31,24,1,-0.33333333333333304,-2.333333333333332,12.333333333333334,-14.666666666666666,-1.3333333333333333,-22.666666666666664,0.6666666666666667,-0.3333333333333333,-0.6666666666666661,3.333333333333333,3.244444444444443
18,reg,2018091608,WAS,IND,2,2018,http://www.nfl.com/liveupdate/game-center/2018091608/2018091608_gtd.json,9,21,0,-8.0,-31.333333333333336,-20.666666666666664,-10.666666666666668,1.0,3.333333333333333,-0.3333333333333333,-0.6666666666666666,-5.333333333333333,4.666666666666667,-11.011111111111111
19,reg,2018091607,TEN,HOU,2,2018,http://www.nfl.com/liveupdate/game-center/2018091607/2018091607_gtd.json,20,17,1,-1.3333333333333333,-9.666666666666666,13.666666666666668,-23.333333333333332,-0.6666666666666666,-15.666666666666668,-2.0,-1.3333333333333335,-85.33333333333334,-7.0,1.5666666666666655
20,reg,2018091606,TB,PHI,2,2018,http://www.nfl.com/liveupdate/game-center/2018091606/2018091606_gtd.json,27,21,1,4.333333333333334,49.33333333333333,23.666666666666664,25.666666666666664,-2.3333333333333335,0.3333333333333339,1.0,0.0,0.3333333333333286,-0.9999999999999998,1.4444444444444424
21,reg,2018091605,PIT,KC,2,2018,http://www.nfl.com/liveupdate/game-center/2018091605/2018091605_gtd.json,37,42,0,-9.333333333333334,-156.33333333333331,-173.33333333333331,17.000000000000004,0.3333333333333335,5.000000000000002,-1.3333333333333333,4.0,202.0,3.9999999999999996,-10.211111111111112
22,reg,2018091604,NYJ,MIA,2,2018,http://www.nfl.com/liveupdate/game-center/2018091604/2018091604_gtd.json,12,20,0,0.9999999999999998,-40.0,-63.33333333333333,23.333333333333332,-5.333333333333333,-61.0,2.6666666666666665,0.6666666666666666,11.000000000000002,-13.666666666666666,-5.666666666666668
23,reg,2018091601,BUF,LAC,2,2018,http://www.nfl.com/liveupdate/game-center/2018091601/2018091601_gtd.json,20,31,0,2.333333333333334,30.33333333333333,38.666666666666664,-8.333333333333336,2.0,25.333333333333336,-0.6666666666666667,-0.6666666666666667,-20.0,19.666666666666668,0.7333333333333325
24,reg,2018091602,GB,MIN,2,2018,http://www.nfl.com/liveupdate/game-center/2018091602/2018091602_gtd.json,29,29,0,-3.0,11.333333333333329,99.66666666666667,-88.33333333333334,-2.0,4.333333333333336,0.0,-1.0,-21.0,0.9999999999999996,-8.144444444444446
25,reg,2018091603,NO,CLE,2,2018,http://www.nfl.com/liveupdate/game-center/2018091603/2018091603_gtd.json,21,18,1,2.0,76.0,107.33333333333333,-31.333333333333336,0.0,16.333333333333332,3.6666666666666665,-1.3333333333333335,-50.0,6.0,0.7222222222222299
26,reg,2018091610,SF,DET,2,2018,http://www.nfl.com/liveupdate/game-center/2018091610/2018091610_gtd.json,30,27,1,-11.0,-159.0,-200.0,41.0,4.333333333333333,25.666666666666668,-1.6666666666666667,2.3333333333333335,99.33333333333333,14.666666666666666,2.400000000000002
27,reg,2018091609,LA,ARI,2,2018,http://www.nfl.com/liveupdate/game-center/2018091609/2018091609_gtd.json,34,0,1,0.33333333333333304,-11.666666666666671,0.0,-11.666666666666671,1.6666666666666667,31.666666666666668,1.0,1.0000000000000002,29.333333333333336,-8.666666666666666,6.322222222222221
28,reg,2018091612,JAX,NE,2,2018,http://www.nfl.com/liveupdate/game-center/2018091612/2018091612_gtd.json,31,20,1,-12.333333333333334,-104.33333333333333,-63.66666666666667,-40.66666666666667,-1.9999999999999996,-5.666666666666671,-2.0,-0.3333333333333333,13.333333333333332,5.333333333333332,-3.066666666666672
29,reg,2018091611,DEN,OAK,2,2018,http://www.nfl.com/liveupdate/game-center/2018091611/2018091611_gtd.json,20,19,1,1.3333333333333335,15.333333333333336,-19.333333333333336,34.666666666666664,-0.6666666666666667,-21.666666666666668,0.6666666666666666,-2.0,-100.33333333333334,2.666666666666667,3.422222222222222
30,reg,2018091613,DAL,NYG,2,2018,http://www.nfl.com/liveupdate/game-center/2018091613/2018091613_gtd.json,20,13,1,-2.333333333333333,-24.33333333333333,29.333333333333336,-53.666666666666664,1.6666666666666667,18.333333333333336,2.0,-1.6666666666666667,-90.66666666666666,4.333333333333334,-1.4888888888888836
31,reg,2018091700,CHI,SEA,2,2018,http://www.nfl.com/liveupdate/game-center/2018091700/2018091700_gtd.json,24,17,1,-0.3333333333333335,-47.0,-30.33333333333333,-16.666666666666664,0.3333333333333333,-11.333333333333334,-1.3333333333333333,1.6666666666666665,98.0,-2.666666666666667,0.0555555555555558
32,reg,2018092000,CLE,NYJ,3,2018,http://www.nfl.com/liveupdate/game-center/2018092000/2018092000_gtd.json,21,17,1,-5.666666666666666,-133.66666666666666,-175.33333333333331,41.666666666666664,-1.0000000000000002,-17.333333333333336,-2.6666666666666665,1.6666666666666667,75.0,13.333333333333334,-1.1444444444444482
33,reg,2018092300,ATL,NO,3,2018,http://www.nfl.com/liveupdate/game-center/2018092300/2018092300_gtd.json,37,43,0,-3.0,11.000000000000002,-36.666666666666664,47.666666666666664,-1.0000000000000002,-8.666666666666666,-2.3333333333333335,-1.0,-57.0,-7.666666666666667,2.98888888888889
34,reg,2018092309,WAS,GB,3,2018,http://www.nfl.com/liveupdate/game-center/2018092309/2018092309_gtd.json,31,17,1,-1.6666666666666667,-8.666666666666666,-54.66666666666667,46.0,0.3333333333333333,14.333333333333332,0.6666666666666666,0.3333333333333333,-27.333333333333336,-3.0,-0.5999999999999994
35,reg,2018092308,PHI,IND,3,2018,http://www.nfl.com/liveupdate/game-center/2018092308/2018092308_gtd.json,20,16,1,-7.0,-89.66666666666666,-68.33333333333334,-21.333333333333336,-1.0,-35.666666666666664,1.3333333333333333,-0.3333333333333333,-10.0,-1.0,-7.277777777777771
36,reg,2018092307,MIN,BUF,3,2018,http://www.nfl.com/liveupdate/game-center/2018092307/2018092307_gtd.json,6,27,0,-0.666666666666667,-63.666666666666664,-129.33333333333334,65.66666666666666,-0.6666666666666667,-20.666666666666664,-2.0,2.0,85.33333333333334,-2.0,6.044444444444446
37,reg,2018092306,MIA,OAK,3,2018,http://www.nfl.com/liveupdate/game-center/2018092306/2018092306_gtd.json,28,20,1,-2.6666666666666665,-15.333333333333336,38.99999999999999,-54.33333333333333,3.0,24.333333333333332,-0.3333333333333333,-0.6666666666666666,0.33333333333333326,3.0,-0.6555555555555576
38,reg,2018092301,BAL,DEN,3,2018,http://www.nfl.com/liveupdate/game-center/2018092301/2018092301_gtd.json,27,14,1,-0.3333333333333335,-5.333333333333336,31.333333333333336,-36.666666666666664,-0.6666666666666666,-1.3333333333333335,-2.0,0.3333333333333333,31.333333333333332,8.0,3.511111111111107
39,reg,2018092302,CAR,CIN,3,2018,http://www.nfl.com/liveupdate/game-center/2018092302/2018092302_gtd.json,31,21,1,2.0,78.66666666666667,49.66666666666667,29.0,-1.3333333333333333,-9.333333333333334,0.0,-1.6666666666666665,-58.66666666666667,-2.0,-0.6555555555555515
40,reg,2018092303,HOU,NYG,3,2018,http://www.nfl.com/liveupdate/game-center/2018092303/2018092303_gtd.json,22,27,0,-1.0,-98.33333333333333,5.333333333333333,-103.66666666666667,-1.0,7.666666666666666,0.3333333333333333,2.0,116.33333333333333,11.0,1.722222222222232
41,reg,2018092304,JAX,TEN,3,2018,http://www.nfl.com/liveupdate/game-center/2018092304/2018092304_gtd.json,6,9,0,4.666666666666667,115.0,100.66666666666666,14.333333333333332,0.3333333333333335,-5.000000000000002,1.3333333333333335,-1.3333333333333333,-88.66666666666667,-1.0,0.31111111111110556
42,reg,2018092305,KC,SF,3,2018,http://www.nfl.com/liveupdate/game-center/2018092305/2018092305_gtd.json,38,27,1,11.666666666666666,146.33333333333331,188.33333333333334,-42.0,-1.3333333333333335,-12.0,2.3333333333333335,-2.3333333333333335,-137.0,-19.333333333333332,3.9999999999999964
43,reg,2018092310,LA,LAC,3,2018,http://www.nfl.com/liveupdate/game-center/2018092310/2018092310_gtd.json,35,23,1,-5.333333333333333,-56.333333333333336,-29.666666666666664,-26.666666666666668,-0.3333333333333333,49.666666666666664,0.0,1.3333333333333333,69.66666666666667,17.0,1.1777777777777794
44,reg,2018092312,SEA,DAL,3,2018,http://www.nfl.com/liveupdate/game-center/2018092312/2018092312_gtd.json,24,13,1,3.6666666666666665,57.99999999999999,64.0,-6.0000000000000036,1.3333333333333335,35.0,-0.3333333333333333,1.0,-6.0,-7.0,5.966666666666661
45,reg,2018092311,ARI,CHI,3,2018,http://www.nfl.com/liveupdate/game-center/2018092311/2018092311_gtd.json,14,16,0,-4.333333333333334,-27.000000000000007,23.66666666666667,-50.66666666666667,-2.3333333333333335,13.0,-0.3333333333333333,-0.6666666666666667,-23.666666666666664,11.0,-8.81111111111111
46,reg,2018092313,DET,NE,3,2018,http://www.nfl.com/liveupdate/game-center/2018092313/2018092313_gtd.json,26,10,1,-8.0,-105.33333333333333,-47.33333333333333,-58.0,-2.6666666666666665,-20.666666666666668,-1.3333333333333333,0.0,34.66666666666667,-9.666666666666668,-8.055555555555562
47,reg,2018092400,TB,PIT,3,2018,http://www.nfl.com/liveupdate/game-center/2018092400/2018092400_gtd.json,27,30,0,-1.6666666666666667,82.33333333333334,97.33333333333333,-15.0,0.3333333333333335,16.666666666666668,3.333333333333333,-2.0,-101.0,8.0,-4.877777777777768
48,reg,2018092700,LA,MIN,4,2018,http://www.nfl.com/liveupdate/game-center/2018092700/2018092700_gtd.json,38,31,1,9.666666666666666,201.0,174.66666666666669,26.333333333333332,1.3333333333333333,43.66666666666667,1.3333333333333333,-2.3333333333333335,-134.66666666666669,-0.3333333333333335,7.588888888888891
49,reg,2018093005,JAX,NYJ,4,2018,http://www.nfl.com/liveupdate/game-center/2018093005/2018093005_gtd.json,31,12,1,-2.333333333333333,15.333333333333329,-29.0,44.33333333333334,1.3333333333333333,7.666666666666666,0.6666666666666667,-1.0,-25.666666666666664,14.333333333333334,-0.577777777777776
50,reg,2018093006,NE,MIA,4,2018,http://www.nfl.com/liveupdate/game-center/2018093006/2018093006_gtd.json,38,7,1,11.333333333333334,132.33333333333334,64.33333333333334,68.0,-0.6666666666666665,-3.0,1.3333333333333333,-2.0,-122.0,5.333333333333333,11.800000000000004
51,reg,2018093007,TEN,PHI,4,2018,http://www.nfl.com/liveupdate/game-center/2018093007/2018093007_gtd.json,26,23,1,-6.0,-92.0,-31.333333333333332,-60.666666666666664,3.3333333333333335,14.0,-1.3333333333333333,0.6666666666666666,71.0,-0.6666666666666667,-5.811111111111108
52,reg,2018093004,IND,HOU,4,2018,http://www.nfl.com/liveupdate/game-center/2018093004/2018093004_gtd.json,34,37,0,8.0,105.0,49.333333333333336,55.66666666666667,-0.6666666666666666,30.0,-0.3333333333333333,-0.6666666666666666,-84.33333333333334,-12.333333333333332,13.533333333333324
53,reg,2018093003,GB,BUF,4,2018,http://www.nfl.com/liveupdate/game-center/2018093003/2018093003_gtd.json,22,0,1,-6.0,-55.66666666666667,-99.33333333333333,43.666666666666664,1.3333333333333335,10.999999999999998,-1.3333333333333333,1.3333333333333333,66.33333333333333,-0.6666666666666667,1.5999999999999965
54,reg,2018093002,DAL,DET,4,2018,http://www.nfl.com/liveupdate/game-center/2018093002/2018093002_gtd.json,26,24,1,-3.333333333333333,-6.0,-29.666666666666664,23.66666666666667,3.0,17.0,-2.0,1.3333333333333333,29.333333333333336,7.333333333333333,-3.044444444444445
55,reg,2018093001,CHI,TB,4,2018,http://www.nfl.com/liveupdate/game-center/2018093001/2018093001_gtd.json,48,10,1,-2.3333333333333335,-12.0,-13.666666666666664,1.6666666666666643,3.0,44.0,-0.6666666666666667,-0.6666666666666666,-22.0,-2.0,1.8888888888888848
56,reg,2018093000,ATL,CIN,4,2018,http://www.nfl.com/liveupdate/game-center/2018093000/2018093000_gtd.json,36,37,0,-3.0,-56.666666666666664,5.666666666666664,-62.333333333333336,-5.0,-47.333333333333336,2.666666666666667,-0.6666666666666666,-25.0,-4.666666666666666,-7.261111111111108
57,reg,2018093008,ARI,SEA,4,2018,http://www.nfl.com/liveupdate/game-center/2018093008/2018093008_gtd.json,17,20,0,-7.0,-55.66666666666667,7.0,-62.666666666666664,-3.3333333333333335,-13.666666666666666,2.0,-1.6666666666666665,-30.666666666666664,9.666666666666666,-15.077777777777776
58,reg,2018093009,OAK,CLE,4,2018,http://www.nfl.com/liveupdate/game-center/2018093009/2018093009_gtd.json,45,42,1,-7.0,41.0,57.666666666666664,-16.666666666666668,2.6666666666666665,53.0,3.0,-0.6666666666666667,3.0,0.6666666666666667,-8.855555555555554
59,reg,2018093011,NYG,NO,4,2018,http://www.nfl.com/liveupdate/game-center/2018093011/2018093011_gtd.json,18,33,0,1.0,114.33333333333334,41.0,73.33333333333333,2.3333333333333335,8.666666666666664,-0.33333333333333337,-3.3333333333333335,-112.0,7.333333333333333,-2.361111111111111
60,reg,2018093010,LAC,SF,4,2018,http://www.nfl.com/liveupdate/game-center/2018093010/2018093010_gtd.json,29,27,1,8.333333333333334,125.0,123.33333333333334,1.666666666666666,2.666666666666667,34.0,2.6666666666666665,-1.3333333333333333,-62.0,-10.333333333333332,3.288888888888888
61,reg,2018093012,PIT,BAL,4,2018,http://www.nfl.com/liveupdate/game-center/2018093012/2018093012_gtd.json,14,26,0,-0.666666666666667,-96.66666666666667,-55.333333333333336,-41.33333333333333,0.0,-13.666666666666668,0.6666666666666667,2.6666666666666665,143.0,-4.333333333333334,-3.777777777777776
62,reg,2018100100,DEN,KC,4,2018,http://www.nfl.com/liveupdate/game-center/2018100100/2018100100_gtd.json,23,27,0,-5.000000000000001,14.0,-83.66666666666666,97.66666666666667,1.0000000000000002,14.0,-0.3333333333333333,-0.3333333333333333,-38.333333333333336,6.666666666666666,-2.8
63,reg,2018100400,NE,IND,5,2018,http://www.nfl.com/liveupdate/game-center/2018100400/2018100400_gtd.json,38,24,1,8.0,141.66666666666669,60.33333333333333,81.33333333333333,0.6666666666666666,-27.33333333333333,-0.3333333333333333,-2.3333333333333335,-107.33333333333334,-1.0,5.277777777777783
64,reg,2018100700,BUF,TEN,5,2018,http://www.nfl.com/liveupdate/game-center/2018100700/2018100700_gtd.json,13,12,1,8.0,137.33333333333334,103.33333333333334,34.0,-0.33333333333333326,7.0,1.3333333333333333,-1.6666666666666667,-74.33333333333334,-3.3333333333333335,-1.52777777777778
65,reg,2018100707,PIT,ATL,5,2018,http://www.nfl.com/liveupdate/game-center/2018100707/2018100707_gtd.json,41,17,1,7.333333333333334,-21.0,23.333333333333332,-44.33333333333333,0.3333333333333335,-7.333333333333336,1.3333333333333333,0.3333333333333333,14.333333333333332,-4.333333333333333,1.2833333333333314
66,reg,2018100706,NYJ,DEN,5,2018,http://www.nfl.com/liveupdate/game-center/2018100706/2018100706_gtd.json,34,16,1,7.333333333333333,161.66666666666666,170.0,-8.333333333333334,6.0,67.66666666666666,0.0,0.0,-47.66666666666667,-2.333333333333333,11.844444444444441
67,reg,2018100705,KC,JAX,5,2018,http://www.nfl.com/liveupdate/game-center/2018100705/2018100705_gtd.json,30,14,1,-2.0,-186.33333333333334,-110.0,-76.33333333333334,-9.0,-96.66666666666666,-1.6666666666666667,1.3333333333333333,101.0,1.0000000000000004,-5.6
68,reg,2018100704,DET,GB,5,2018,http://www.nfl.com/liveupdate/game-center/2018100704/2018100704_gtd.json,31,23,1,2.333333333333333,-13.0,-36.333333333333336,23.333333333333336,-0.6666666666666667,0.0,0.3333333333333333,-0.3333333333333335,-28.333333333333336,1.6666666666666665,1.3777777777777782
69,reg,2018100703,CLE,BAL,5,2018,http://www.nfl.com/liveupdate/game-center/2018100703/2018100703_gtd.json,12,9,1,8.666666666666668,83.66666666666666,82.33333333333333,1.3333333333333321,1.0,14.333333333333334,-0.33333333333333326,-0.3333333333333333,-35.333333333333336,2.3333333333333335,6.177777777777784
70,reg,2018100701,CAR,NYG,5,2018,http://www.nfl.com/liveupdate/game-center/2018100701/2018100701_gtd.json,33,31,1,0.33333333333333326,14.666666666666666,-93.0,107.66666666666667,-5.0,-38.666666666666664,-2.333333333333333,0.6666666666666666,12.0,-5.333333333333334,8.611111111111112
71,reg,2018100702,CIN,MIA,5,2018,http://www.nfl.com/liveupdate/game-center/2018100702/2018100702_gtd.json,27,17,1,-5.666666666666666,-101.33333333333333,-181.66666666666666,80.33333333333333,1.0,6.000000000000002,-2.333333333333333,2.0,63.333333333333336,6.666666666666666,3.7888888888888914
72,reg,2018100708,LAC,OAK,5,2018,http://www.nfl.com/liveupdate/game-center/2018100708/2018100708_gtd.json,26,10,1,6.333333333333334,28.0,-10.666666666666668,38.666666666666664,0.6666666666666667,-3.666666666666666,1.3333333333333333,-1.6666666666666665,-75.33333333333334,3.3333333333333335,8.255555555555553
73,reg,2018100710,SF,ARI,5,2018,http://www.nfl.com/liveupdate/game-center/2018100710/2018100710_gtd.json,18,28,0,-2.666666666666667,-77.0,-128.0,51.0,0.0,-26.333333333333332,-1.6666666666666665,0.33333333333333326,28.999999999999993,6.333333333333333,4.0000000000000036
74,reg,2018100709,PHI,MIN,5,2018,http://www.nfl.com/liveupdate/game-center/2018100709/2018100709_gtd.json,21,23,0,-0.6666666666666667,59.333333333333336,50.33333333333333,9.0,0.6666666666666665,11.999999999999998,0.3333333333333333,0.33333333333333337,-45.0,-7.333333333333333,6.627777777777779
75,reg,2018100711,SEA,LA,5,2018,http://www.nfl.com/liveupdate/game-center/2018100711/2018100711_gtd.json,31,33,0,-11.0,-217.0,-139.66666666666666,-77.33333333333334,2.0,-1.6666666666666665,-0.3333333333333333,4.0,168.33333333333334,-6.333333333333333,-0.5333333333333372
76,reg,2018100712,HOU,DAL,5,2018,http://www.nfl.com/liveupdate/game-center/2018100712/2018100712_gtd.json,19,16,1,-5.333333333333333,-53.666666666666664,52.33333333333333,-106.0,0.3333333333333333,15.333333333333334,2.0,0.3333333333333333,45.666666666666664,8.666666666666668,-7.211111111111105
77,reg,2018100800,NO,WAS,5,2018,http://www.nfl.com/liveupdate/game-center/2018100800/2018100800_gtd.json,43,19,1,1.0,-50.66666666666667,-2.666666666666666,-48.0,-0.3333333333333335,-19.666666666666668,1.0,1.3333333333333335,52.333333333333336,-4.666666666666667,2.1277777777777773
78,reg,2018101100,NYG,PHI,6,2018,http://www.nfl.com/liveupdate/game-center/2018101100/2018101100_gtd.json,13,34,0,-3.6666666666666665,-82.66666666666667,-38.333333333333336,-44.333333333333336,0.6666666666666666,-3.0,0.0,1.0,53.0,1.0,-6.0055555555555555
79,reg,2018101400,ATL,TB,6,2018,http://www.nfl.com/liveupdate/game-center/2018101400/2018101400_gtd.json,34,29,1,-8.333333333333332,-73.33333333333333,-57.0,-16.333333333333332,3.6666666666666665,34.666666666666664,-0.3333333333333333,1.3333333333333333,96.66666666666667,10.333333333333334,1.4611111111111077
80,reg,2018101408,WAS,CAR,6,2018,http://www.nfl.com/liveupdate/game-center/2018101408/2018101408_gtd.json,23,17,1,5.333333333333333,120.33333333333334,185.33333333333331,-65.0,1.3333333333333335,34.666666666666664,1.0,-1.6666666666666665,-78.33333333333334,-9.666666666666666,-2.2444444444444493
81,reg,2018101407,OAK,SEA,6,2018,http://www.nfl.com/liveupdate/game-center/2018101407/2018101407_gtd.json,3,27,0,3.0,103.66666666666666,104.33333333333334,-0.6666666666666643,0.3333333333333333,25.0,-0.6666666666666667,-2.0,-84.66666666666667,8.666666666666666,-1.7222222222222179
82,reg,2018101406,NYJ,IND,6,2018,http://www.nfl.com/liveupdate/game-center/2018101406/2018101406_gtd.json,42,34,1,0.33333333333333304,91.66666666666666,-18.333333333333336,110.0,-0.6666666666666666,-19.666666666666664,-0.3333333333333333,-2.0,-132.0,-1.666666666666667,3.100000000000003
83,reg,2018101405,MIN,ARI,6,2018,http://www.nfl.com/liveupdate/game-center/2018101405/2018101405_gtd.json,27,17,1,-2.3333333333333335,11.666666666666668,14.0,-2.333333333333332,-1.3333333333333333,-4.666666666666666,-1.6666666666666665,0.3333333333333333,17.666666666666664,1.6666666666666665,-8.566666666666663
84,reg,2018101401,CIN,PIT,6,2018,http://www.nfl.com/liveupdate/game-center/2018101401/2018101401_gtd.json,21,28,0,-1.0000000000000002,57.33333333333333,5.666666666666666,51.666666666666664,2.0,28.333333333333332,-3.666666666666667,0.3333333333333333,17.333333333333332,-7.666666666666667,6.755555555555558
85,reg,2018101402,CLE,LAC,6,2018,http://www.nfl.com/liveupdate/game-center/2018101402/2018101402_gtd.json,14,38,0,-4.666666666666666,-50.99999999999999,4.0,-55.0,-0.6666666666666667,-20.0,-1.0,1.6666666666666665,38.0,-11.333333333333332,-4.322222222222219
86,reg,2018101403,HOU,BUF,6,2018,http://www.nfl.com/liveupdate/game-center/2018101403/2018101403_gtd.json,20,13,1,-3.333333333333333,-16.666666666666657,35.33333333333333,-52.0,2.3333333333333335,3.0,1.0,0.0,6.0,13.333333333333332,-7.133333333333338
87,reg,2018101404,MIA,CHI,6,2018,http://www.nfl.com/liveupdate/game-center/2018101404/2018101404_gtd.json,31,28,1,-1.3333333333333335,59.66666666666667,58.33333333333333,1.333333333333333,0.0,3.666666666666666,-1.0,0.33333333333333326,34.66666666666667,-7.0,1.5222222222222215
88,reg,2018101409,DEN,LA,6,2018,http://www.nfl.com/liveupdate/game-center/2018101409/2018101409_gtd.json,20,23,0,-4.666666666666667,-38.66666666666667,-70.0,31.33333333333333,-5.0,-55.66666666666667,1.3333333333333333,-2.333333333333333,-96.33333333333333,-1.6666666666666665,-5.622222222222226
89,reg,2018101411,TEN,BAL,6,2018,http://www.nfl.com/liveupdate/game-center/2018101411/2018101411_gtd.json,0,21,0,3.333333333333333,26.0,6.666666666666666,19.333333333333336,0.3333333333333333,13.666666666666668,0.0,0.3333333333333333,-6.333333333333334,-6.0,3.4055555555555594
90,reg,2018101410,DAL,JAX,6,2018,http://www.nfl.com/liveupdate/game-center/2018101410/2018101410_gtd.json,40,7,1,4.333333333333334,-17.33333333333333,-7.333333333333336,-10.0,-6.0,-74.66666666666667,-1.3333333333333333,1.0,38.666666666666664,-4.0,-1.4333333333333385
91,reg,2018101412,NE,KC,6,2018,http://www.nfl.com/liveupdate/game-center/2018101412/2018101412_gtd.json,43,40,1,9.0,214.0,127.0,87.0,3.0,40.666666666666664,0.3333333333333333,-1.0000000000000002,-63.666666666666664,-8.333333333333334,10.322222222222223
92,reg,2018101500,GB,SF,6,2018,http://www.nfl.com/liveupdate/game-center/2018101500/2018101500_gtd.json,33,30,1,-9.0,-47.33333333333334,-82.33333333333334,35.0,-1.3333333333333335,3.333333333333332,-2.6666666666666665,2.666666666666667,105.33333333333333,6.666666666666666,-8.188888888888888
93,reg,2018101800,ARI,DEN,7,2018,http://www.nfl.com/liveupdate/game-center/2018101800/2018101800_gtd.json,10,45,0,12.0,124.66666666666667,88.33333333333333,36.333333333333336,6.0,40.66666666666667,1.3333333333333335,0.3333333333333335,17.0,0.0,16.06666666666667
94,reg,2018102100,LAC,TEN,7,2018,http://www.nfl.com/liveupdate/game-center/2018102100/2018102100_gtd.json,20,19,1,4.666666666666666,94.33333333333333,89.0,5.333333333333336,3.333333333333333,40.0,0.33333333333333337,-2.3333333333333335,-103.33333333333334,15.0,5.794444444444441
95,reg,2018102104,JAX,HOU,7,2018,http://www.nfl.com/liveupdate/game-center/2018102104/2018102104_gtd.json,7,20,0,3.666666666666667,84.0,-39.99999999999999,124.0,5.333333333333333,57.0,-1.0,-1.3333333333333335,-63.33333333333333,4.333333333333334,16.433333333333334
96,reg,2018102108,PHI,CAR,7,2018,http://www.nfl.com/liveupdate/game-center/2018102108/2018102108_gtd.json,17,21,0,-1.3333333333333335,46.333333333333336,142.0,-95.66666666666666,3.0,29.666666666666668,3.333333333333333,-0.6666666666666667,-16.666666666666668,-1.666666666666667,-13.005555555555553
97,reg,2018102107,NYJ,MIN,7,2018,http://www.nfl.com/liveupdate/game-center/2018102107/2018102107_gtd.json,17,37,0,-2.3333333333333335,35.0,-4.333333333333334,39.333333333333336,-2.0,-4.666666666666667,0.6666666666666666,-2.6666666666666665,-121.0,2.666666666666667,9.444444444444438
98,reg,2018102102,CHI,NE,7,2018,http://www.nfl.com/liveupdate/game-center/2018102102/2018102102_gtd.json,31,38,0,-8.0,-59.666666666666664,8.333333333333336,-68.0,-0.3333333333333335,7.0,0.3333333333333333,1.6666666666666667,74.33333333333333,18.666666666666668,-11.166666666666668
99,reg,2018102103,IND,BUF,7,2018,http://www.nfl.com/liveupdate/game-center/2018102103/2018102103_gtd.json,37,5,1,-8.333333333333334,-103.33333333333333,-41.333333333333336,-62.0,2.3333333333333335,17.666666666666664,0.33333333333333337,1.0,54.0,5.666666666666667,-3.933333333333339
100,reg,2018102109,TB,CLE,7,2018,http://www.nfl.com/liveupdate/game-center/2018102109/2018102109_gtd.json,26,23,1,6.333333333333334,56.333333333333336,-20.0,76.33333333333333,-3.3333333333333335,-47.333333333333336,0.0,-1.3333333333333333,-52.66666666666667,0.3333333333333335,-1.999999999999999
101,reg,2018102106,MIA,DET,7,2018,http://www.nfl.com/liveupdate/game-center/2018102106/2018102106_gtd.json,21,32,0,2.0,135.33333333333331,156.0,-20.666666666666668,1.0,-4.666666666666666,0.33333333333333337,-1.3333333333333333,-58.0,-27.0,1.6888888888888913
102,reg,2018102101,BAL,NO,7,2018,http://www.nfl.com/liveupdate/game-center/2018102101/2018102101_gtd.json,23,24,0,-9.666666666666668,-120.99999999999999,-118.33333333333333,-2.6666666666666643,1.666666666666667,7.666666666666667,-0.6666666666666666,2.0,101.33333333333334,17.333333333333332,-6.272222222222223
103,reg,2018102110,WAS,DAL,7,2018,http://www.nfl.com/liveupdate/game-center/2018102110/2018102110_gtd.json,20,17,1,-8.666666666666666,-76.0,-62.0,-14.000000000000007,-0.3333333333333335,12.0,-0.6666666666666666,1.666666666666667,67.33333333333334,-15.0,-2.4666666666666694
104,reg,2018102111,SF,LA,7,2018,http://www.nfl.com/liveupdate/game-center/2018102111/2018102111_gtd.json,10,39,0,13.666666666666666,141.0,70.33333333333333,70.66666666666667,5.0,39.333333333333336,1.3333333333333333,-2.0,-77.66666666666667,9.0,13.777777777777771
105,reg,2018102105,KC,CIN,7,2018,http://www.nfl.com/liveupdate/game-center/2018102105/2018102105_gtd.json,45,10,1,7.0,-0.6666666666666643,-68.33333333333334,67.66666666666667,-1.3333333333333335,-9.666666666666666,0.0,-1.0,-53.33333333333333,-11.666666666666668,5.877777777777776
106,reg,2018102200,ATL,NYG,7,2018,http://www.nfl.com/liveupdate/game-center/2018102200/2018102200_gtd.json,23,20,1,-1.0,67.33333333333333,64.33333333333333,3.0,2.3333333333333335,7.0,-1.6666666666666665,-1.0,-13.666666666666664,22.333333333333332,-1.2000000000000017
107,reg,2018102500,HOU,MIA,8,2018,http://www.nfl.com/liveupdate/game-center/2018102500/2018102500_gtd.json,42,23,1,6.333333333333334,56.666666666666664,36.00000000000001,20.66666666666667,-2.666666666666667,-33.0,1.6666666666666665,-2.333333333333333,-90.33333333333334,10.666666666666666,0.9666666666666712
108,reg,2018102800,JAX,PHI,8,2018,http://www.nfl.com/liveupdate/game-center/2018102800/2018102800_gtd.json,18,24,0,4.0,33.66666666666667,-4.666666666666667,38.333333333333336,-1.0,4.333333333333333,-1.6666666666666665,-1.3333333333333333,-56.0,8.0,7.977777777777782
109,reg,2018102805,KC,DEN,8,2018,http://www.nfl.com/liveupdate/game-center/2018102805/2018102805_gtd.json,30,23,1,12.666666666666668,128.33333333333334,35.66666666666667,92.66666666666667,1.6666666666666665,10.0,-3.0,-1.0000000000000002,-66.0,-27.0,13.111111111111116
110,reg,2018102807,PIT,CLE,8,2018,http://www.nfl.com/liveupdate/game-center/2018102807/2018102807_gtd.json,33,18,1,-7.666666666666667,-113.66666666666666,-145.0,31.333333333333332,-0.3333333333333335,-7.666666666666666,-0.6666666666666667,1.6666666666666665,104.33333333333333,12.0,-9.43333333333333
111,reg,2018102806,NYG,WAS,8,2018,http://www.nfl.com/liveupdate/game-center/2018102806/2018102806_gtd.json,13,20,0,-1.6666666666666665,-51.33333333333333,-33.33333333333333,-18.0,2.0,0.6666666666666661,2.3333333333333335,0.3333333333333333,32.333333333333336,4.333333333333334,-2.911111111111112
112,reg,2018102804,DET,SEA,8,2018,http://www.nfl.com/liveupdate/game-center/2018102804/2018102804_gtd.json,14,28,0,2.0,-4.333333333333329,-25.0,20.666666666666668,-2.0,-10.666666666666666,-1.0,0.33333333333333326,28.999999999999993,24.0,-2.8000000000000016
113,reg,2018102803,CIN,TB,8,2018,http://www.nfl.com/liveupdate/game-center/2018102803/2018102803_gtd.json,37,34,1,-4.666666666666668,-29.66666666666667,-41.33333333333333,11.666666666666664,2.0,4.666666666666668,0.0,0.6666666666666667,33.66666666666667,-19.666666666666668,-2.677777777777779
114,reg,2018102802,CHI,NYJ,8,2018,http://www.nfl.com/liveupdate/game-center/2018102802/2018102802_gtd.json,24,10,1,11.0,116.33333333333333,147.0,-30.66666666666667,-2.333333333333333,-21.0,-2.333333333333333,2.0,72.33333333333333,-1.0,-2.611111111111109
115,reg,2018102801,CAR,BAL,8,2018,http://www.nfl.com/liveupdate/game-center/2018102801/2018102801_gtd.json,36,21,1,7.666666666666666,21.333333333333336,-40.33333333333333,61.66666666666667,-2.333333333333333,-29.0,0.0,-2.3333333333333335,-108.0,4.333333333333333,17.28888888888889
116,reg,2018102808,OAK,IND,8,2018,http://www.nfl.com/liveupdate/game-center/2018102808/2018102808_gtd.json,28,42,0,2.0,-0.33333333333333304,61.333333333333336,-61.666666666666664,-0.6666666666666667,12.333333333333332,1.6666666666666665,-0.3333333333333333,-49.66666666666667,-1.666666666666667,-1.299999999999999
117,reg,2018102809,ARI,SF,8,2018,http://www.nfl.com/liveupdate/game-center/2018102809/2018102809_gtd.json,18,15,1,-0.3333333333333339,16.0,-40.66666666666667,56.666666666666664,0.3333333333333335,-9.0,1.0,-1.0,-29.000000000000004,6.0,3.5111111111111146
118,reg,2018102810,LA,GB,8,2018,http://www.nfl.com/liveupdate/game-center/2018102810/2018102810_gtd.json,29,27,1,-7.333333333333334,-144.66666666666669,-66.33333333333333,-78.33333333333333,-1.6666666666666665,-19.333333333333336,3.0,1.0,35.66666666666667,-21.0,-6.622222222222224
119,reg,2018102811,MIN,NO,8,2018,http://www.nfl.com/liveupdate/game-center/2018102811/2018102811_gtd.json,20,30,0,0.6666666666666667,-2.3333333333333357,-77.33333333333333,75.0,4.0,13.999999999999998,1.6666666666666667,0.3333333333333333,-2.333333333333334,11.333333333333332,0.42222222222222544
120,reg,2018102900,BUF,NE,8,2018,http://www.nfl.com/liveupdate/game-center/2018102900/2018102900_gtd.json,6,25,0,-2.666666666666667,-20.999999999999996,-16.0,-5.0,-2.0,-7.0,-1.3333333333333335,0.0,10.0,15.0,0.1777777777777838
121,reg,2018110100,SF,OAK,9,2018,http://www.nfl.com/liveupdate/game-center/2018110100/2018110100_gtd.json,34,3,1,5.333333333333333,79.33333333333334,65.66666666666666,13.666666666666671,3.3333333333333335,14.666666666666666,1.0,-0.3333333333333333,13.0,2.333333333333334,-0.5111111111111191
122,reg,2018110401,BUF,CHI,9,2018,http://www.nfl.com/liveupdate/game-center/2018110401/2018110401_gtd.json,9,41,0,-4.666666666666667,-109.33333333333333,-70.66666666666667,-38.66666666666667,-0.33333333333333304,-8.333333333333334,-0.6666666666666667,0.0,13.333333333333332,8.0,-3.988888888888882
123,reg,2018110402,CAR,TB,9,2018,http://www.nfl.com/liveupdate/game-center/2018110402/2018110402_gtd.json,42,28,1,-1.6666666666666667,28.666666666666664,0.33333333333333215,28.333333333333332,1.0,-8.333333333333332,-0.6666666666666667,-0.3333333333333333,2.0,4.0,10.266666666666664
124,reg,2018110403,CLE,KC,9,2018,http://www.nfl.com/liveupdate/game-center/2018110403/2018110403_gtd.json,21,37,0,-3.333333333333333,-30.666666666666657,11.333333333333343,-42.0,-0.3333333333333335,13.333333333333336,2.3333333333333335,0.0,-5.0,29.666666666666664,-1.9777777777777805
125,reg,2018110404,MIA,NYJ,9,2018,http://www.nfl.com/liveupdate/game-center/2018110404/2018110404_gtd.json,13,6,1,-3.666666666666667,-28.333333333333332,24.0,-52.33333333333333,2.3333333333333335,10.333333333333334,-1.0,3.333333333333333,131.33333333333334,-2.3333333333333335,-7.199999999999996
126,reg,2018110400,BAL,PIT,9,2018,http://www.nfl.com/liveupdate/game-center/2018110400/2018110400_gtd.json,16,23,0,-5.333333333333333,-72.33333333333333,-10.666666666666664,-61.666666666666664,-3.3333333333333335,-7.666666666666668,-2.0,2.0,56.0,-11.666666666666668,-2.3111111111111122
127,reg,2018110405,MIN,DET,9,2018,http://www.nfl.com/liveupdate/game-center/2018110405/2018110405_gtd.json,24,9,1,10.333333333333332,239.0,111.0,128.0,4.666666666666667,47.0,1.6666666666666667,-3.0,-135.0,-17.333333333333332,10.31111111111111
128,reg,2018110406,WAS,ATL,9,2018,http://www.nfl.com/liveupdate/game-center/2018110406/2018110406_gtd.json,14,38,0,-1.6666666666666665,-30.33333333333333,-10.000000000000004,-20.333333333333336,-1.6666666666666665,2.0,-1.0,0.6666666666666666,-23.666666666666668,-7.000000000000001,-0.2555555555555491
129,reg,2018110407,DEN,HOU,9,2018,http://www.nfl.com/liveupdate/game-center/2018110407/2018110407_gtd.json,17,19,0,-2.0,-91.66666666666666,37.33333333333333,-129.0,0.6666666666666667,7.333333333333336,0.33333333333333337,0.6666666666666666,44.33333333333333,0.3333333333333335,-3.2888888888888936
130,reg,2018110408,SEA,LAC,9,2018,http://www.nfl.com/liveupdate/game-center/2018110408/2018110408_gtd.json,17,25,0,-0.9999999999999996,-102.0,-115.0,13.0,-1.3333333333333335,-35.66666666666667,1.3333333333333333,1.0,37.0,-11.0,-2.344444444444444
131,reg,2018110409,NO,LA,9,2018,http://www.nfl.com/liveupdate/game-center/2018110409/2018110409_gtd.json,45,35,1,5.333333333333333,156.66666666666669,89.66666666666667,67.0,-0.33333333333333326,4.666666666666667,-1.3333333333333333,-2.0,-85.0,-11.666666666666668,3.3333333333333313
132,reg,2018110410,NE,GB,9,2018,http://www.nfl.com/liveupdate/game-center/2018110410/2018110410_gtd.json,31,17,1,4.0,50.66666666666667,14.666666666666666,36.0,-2.0,-24.0,2.3333333333333335,-2.333333333333333,-119.33333333333334,-32.666666666666664,1.6666666666666683
133,reg,2018110500,DAL,TEN,9,2018,http://www.nfl.com/liveupdate/game-center/2018110500/2018110500_gtd.json,14,28,0,14.666666666666666,208.33333333333334,98.66666666666666,109.66666666666666,0.3333333333333335,-11.999999999999998,0.0,-4.0,-149.0,14.666666666666666,14.288888888888891
134,reg,2018110800,PIT,CAR,10,2018,http://www.nfl.com/liveupdate/game-center/2018110800/2018110800_gtd.json,52,21,1,-3.6666666666666665,-96.66666666666666,-65.0,-31.666666666666668,0.0,-21.0,1.6666666666666665,1.3333333333333333,66.33333333333334,1.3333333333333335,-13.01111111111111
135,reg,2018111101,CIN,NO,10,2018,http://www.nfl.com/liveupdate/game-center/2018111101/2018111101_gtd.json,14,51,0,-4.666666666666667,-79.0,-120.33333333333334,41.333333333333336,-2.0,-19.0,-1.3333333333333333,-0.6666666666666666,-36.666666666666664,-7.333333333333333,-5.833333333333324
136,reg,2018111102,CLE,ATL,10,2018,http://www.nfl.com/liveupdate/game-center/2018111102/2018111102_gtd.json,28,16,1,10.666666666666666,150.66666666666669,93.33333333333334,57.33333333333333,-5.666666666666667,-61.666666666666664,1.6666666666666665,-3.333333333333333,-190.66666666666666,-10.0,3.788888888888892
137,reg,2018111100,CHI,DET,10,2018,http://www.nfl.com/liveupdate/game-center/2018111100/2018111100_gtd.json,34,22,1,11.333333333333332,159.0,24.666666666666664,134.33333333333334,-0.6666666666666665,37.666666666666664,-0.6666666666666666,-1.3333333333333333,-55.666666666666664,-3.0,14.833333333333329
138,reg,2018111105,KC,ARI,10,2018,http://www.nfl.com/liveupdate/game-center/2018111105/2018111105_gtd.json,26,14,1,2.6666666666666665,6.333333333333336,39.0,-32.666666666666664,-6.666666666666667,-42.666666666666664,-2.3333333333333335,-0.33333333333333326,-61.66666666666667,-23.333333333333336,0.43333333333333834
139,reg,2018111108,TEN,NE,10,2018,http://www.nfl.com/liveupdate/game-center/2018111108/2018111108_gtd.json,34,10,1,-13.0,-142.66666666666669,-62.66666666666667,-80.0,0.0,11.666666666666666,-0.6666666666666666,2.6666666666666665,103.33333333333333,-5.666666666666667,-8.755555555555555
140,reg,2018111107,TB,WAS,10,2018,http://www.nfl.com/liveupdate/game-center/2018111107/2018111107_gtd.json,3,16,0,5.666666666666666,94.33333333333334,5.333333333333334,89.0,-5.0,-40.666666666666664,-0.6666666666666667,-2.333333333333333,-110.0,-1.0,2.8666666666666636
141,reg,2018111106,NYJ,BUF,10,2018,http://www.nfl.com/liveupdate/game-center/2018111106/2018111106_gtd.json,10,41,0,-3.0,-24.0,-24.0,0.0,0.6666666666666667,-7.333333333333334,0.0,-0.3333333333333333,-11.0,-0.6666666666666667,-4.366666666666673
142,reg,2018111104,IND,JAX,10,2018,http://www.nfl.com/liveupdate/game-center/2018111104/2018111104_gtd.json,29,26,1,-5.0,-65.33333333333333,-45.0,-20.333333333333332,0.0,-7.666666666666667,-2.0,1.3333333333333333,58.0,-8.0,-1.844444444444448
143,reg,2018111109,OAK,LAC,10,2018,http://www.nfl.com/liveupdate/game-center/2018111109/2018111109_gtd.json,6,20,0,-0.3333333333333335,20.66666666666667,-16.666666666666668,37.333333333333336,0.0,0.3333333333333339,0.3333333333333333,-1.0,-42.0,-5.666666666666666,-5.366666666666664
144,reg,2018111110,LA,SEA,10,2018,http://www.nfl.com/liveupdate/game-center/2018111110/2018111110_gtd.json,36,31,1,2.333333333333333,78.33333333333333,-9.333333333333336,87.66666666666667,2.333333333333333,40.0,-0.6666666666666667,1.0,37.333333333333336,-0.6666666666666661,3.777777777777777
145,reg,2018111103,GB,MIA,10,2018,http://www.nfl.com/liveupdate/game-center/2018111103/2018111103_gtd.json,31,12,1,11.666666666666668,145.0,124.33333333333334,20.666666666666664,0.3333333333333333,1.6666666666666665,0.0,-2.0,-66.33333333333334,5.333333333333334,6.066666666666662
146,reg,2018111111,PHI,DAL,10,2018,http://www.nfl.com/liveupdate/game-center/2018111111/2018111111_gtd.json,20,27,0,-5.0,-60.0,17.333333333333332,-77.33333333333334,0.6666666666666666,1.6666666666666665,1.6666666666666665,-1.0,-34.333333333333336,-0.3333333333333335,-3.4444444444444478
147,reg,2018111200,SF,NYG,10,2018,http://www.nfl.com/liveupdate/game-center/2018111200/2018111200_gtd.json,23,27,0,3.666666666666667,50.333333333333336,22.666666666666668,27.666666666666668,-1.0,-11.0,1.0,-1.0,-11.999999999999998,5.333333333333333,-1.8333333333333366
148,reg,2018111500,SEA,GB,11,2018,http://www.nfl.com/liveupdate/game-center/2018111500/2018111500_gtd.json,27,24,1,-3.666666666666667,-88.33333333333334,35.333333333333336,-123.66666666666667,-1.0,-20.666666666666664,2.0,-0.3333333333333333,-11.666666666666668,-5.333333333333334,0.45555555555555155
149,reg,2018111801,BAL,CIN,11,2018,http://www.nfl.com/liveupdate/game-center/2018111801/2018111801_gtd.json,24,21,1,0.666666666666667,10.0,32.33333333333333,-22.333333333333336,-1.6666666666666667,-32.333333333333336,-0.6666666666666666,-0.3333333333333333,19.666666666666668,1.3333333333333333,4.03333333333333
150,reg,2018111800,ATL,DAL,11,2018,http://www.nfl.com/liveupdate/game-center/2018111800/2018111800_gtd.json,19,22,0,-0.666666666666667,-13.333333333333332,-69.0,55.66666666666667,5.0,45.33333333333333,0.3333333333333333,0.6666666666666667,49.333333333333336,-3.0,3.2333333333333343
151,reg,2018111805,NYG,TB,11,2018,http://www.nfl.com/liveupdate/game-center/2018111805/2018111805_gtd.json,38,35,1,0.33333333333333326,-39.0,30.333333333333336,-69.33333333333334,5.0,-0.6666666666666666,2.0,-0.33333333333333337,-13.666666666666664,3.333333333333333,4.444444444444442
152,reg,2018111810,JAX,PIT,11,2018,http://www.nfl.com/liveupdate/game-center/2018111810/2018111810_gtd.json,16,20,0,-6.333333333333333,-130.33333333333334,-54.0,-76.33333333333333,0.6666666666666667,20.333333333333332,1.0,1.0,27.666666666666668,0.3333333333333335,-2.4555555555555513
153,reg,2018111806,WAS,HOU,11,2018,http://www.nfl.com/liveupdate/game-center/2018111806/2018111806_gtd.json,21,23,0,2.0,-23.0,47.333333333333336,-70.33333333333334,1.0,47.666666666666664,0.6666666666666667,-0.3333333333333333,-12.0,-4.666666666666667,-1.4777777777777792
154,reg,2018111804,IND,TEN,11,2018,http://www.nfl.com/liveupdate/game-center/2018111804/2018111804_gtd.json,38,10,1,-0.3333333333333335,-34.0,-39.333333333333336,5.333333333333334,-2.333333333333333,-24.333333333333332,-1.0,-0.3333333333333333,-2.333333333333332,-2.6666666666666665,-0.9888888888888907
155,reg,2018111803,DET,CAR,11,2018,http://www.nfl.com/liveupdate/game-center/2018111803/2018111803_gtd.json,20,19,1,-4.0,-97.66666666666666,0.6666666666666643,-98.33333333333333,0.0,-34.666666666666664,2.666666666666667,0.6666666666666666,28.000000000000004,-1.0,-12.844444444444443
156,reg,2018111808,LAC,DEN,11,2018,http://www.nfl.com/liveupdate/game-center/2018111808/2018111808_gtd.json,22,23,0,-0.3333333333333333,5.333333333333332,-29.0,34.333333333333336,-0.6666666666666666,3.333333333333334,-1.3333333333333333,0.0,23.0,4.666666666666667,4.922222222222227
157,reg,2018111807,ARI,OAK,11,2018,http://www.nfl.com/liveupdate/game-center/2018111807/2018111807_gtd.json,21,23,0,2.3333333333333335,2.333333333333332,-4.333333333333332,6.666666666666668,4.666666666666666,20.333333333333336,1.0,0.33333333333333337,3.0,-2.3333333333333335,1.2333333333333258
158,reg,2018111809,NO,PHI,11,2018,http://www.nfl.com/liveupdate/game-center/2018111809/2018111809_gtd.json,48,7,1,0.6666666666666666,3.333333333333332,-36.66666666666667,39.99999999999999,1.6666666666666667,23.333333333333336,0.6666666666666667,3.3333333333333335,126.66666666666666,-0.33333333333333304,-2.6555555555555577
159,reg,2018111802,CHI,MIN,11,2018,http://www.nfl.com/liveupdate/game-center/2018111802/2018111802_gtd.json,25,20,1,2.3333333333333335,61.66666666666667,25.0,36.666666666666664,-2.0,21.333333333333332,-2.0,-1.0,-22.333333333333336,1.666666666666667,8.222222222222221
160,reg,2018111900,LA,KC,11,2018,http://www.nfl.com/liveupdate/game-center/2018111900/2018111900_gtd.json,54,51,1,5.0,71.66666666666667,36.0,35.666666666666664,2.0,35.0,0.33333333333333337,0.3333333333333333,21.0,4.333333333333333,7.233333333333329
161,reg,2018112200,DET,CHI,12,2018,http://www.nfl.com/liveupdate/game-center/2018112200/2018112200_gtd.json,16,23,0,-5.666666666666667,-39.33333333333333,-19.333333333333332,-20.0,-1.0,-30.333333333333336,-1.0,0.6666666666666667,39.666666666666664,7.666666666666667,-9.077777777777772
162,reg,2018112201,DAL,WAS,12,2018,http://www.nfl.com/liveupdate/game-center/2018112201/2018112201_gtd.json,31,23,1,-6.666666666666666,-16.333333333333332,17.666666666666664,-33.99999999999999,-0.3333333333333333,-36.0,-0.33333333333333337,-1.3333333333333333,-56.0,7.333333333333333,-5.977777777777778
163,reg,2018112202,NO,ATL,12,2018,http://www.nfl.com/liveupdate/game-center/2018112202/2018112202_gtd.json,31,17,1,5.0,59.33333333333333,53.66666666666667,5.666666666666667,-2.0,-32.0,-0.3333333333333333,0.0,-7.666666666666664,14.333333333333334,5.166666666666665
164,reg,2018112503,CIN,CLE,12,2018,http://www.nfl.com/liveupdate/game-center/2018112503/2018112503_gtd.json,20,35,0,-7.0,-123.0,-89.66666666666667,-33.333333333333336,-2.0,-3.333333333333332,-0.3333333333333333,1.6666666666666667,63.666666666666664,13.0,-6.177777777777779
165,reg,2018112507,TB,SF,12,2018,http://www.nfl.com/liveupdate/game-center/2018112507/2018112507_gtd.json,27,9,1,-4.666666666666667,-48.00000000000001,-63.66666666666666,15.666666666666668,-0.33333333333333337,16.0,-2.0,1.666666666666667,36.666666666666664,-11.666666666666666,-0.2666666666666657
166,reg,2018112501,BUF,JAX,12,2018,http://www.nfl.com/liveupdate/game-center/2018112501/2018112501_gtd.json,24,21,1,3.666666666666667,-14.333333333333329,54.00000000000001,-68.33333333333333,-4.666666666666666,-19.0,3.3333333333333335,0.6666666666666666,42.0,-3.3333333333333335,-4.677777777777775
167,reg,2018112500,BAL,OAK,12,2018,http://www.nfl.com/liveupdate/game-center/2018112500/2018112500_gtd.json,34,17,1,1.0,-7.666666666666668,-66.33333333333333,58.666666666666664,-3.3333333333333335,-51.0,-1.3333333333333333,0.6666666666666666,-19.333333333333336,-13.666666666666666,7.977777777777775
168,reg,2018112502,CAR,SEA,12,2018,http://www.nfl.com/liveupdate/game-center/2018112502/2018112502_gtd.json,27,30,0,-2.0,67.0,6.000000000000002,61.0,-2.0,11.0,-2.0,0.0,-1.3333333333333357,1.6666666666666667,-4.077777777777774
169,reg,2018112505,NYJ,NE,12,2018,http://www.nfl.com/liveupdate/game-center/2018112505/2018112505_gtd.json,13,27,0,-5.333333333333334,-97.0,-60.666666666666664,-36.333333333333336,-2.6666666666666665,-6.333333333333334,-1.0,1.6666666666666665,73.0,-4.333333333333334,-4.500000000000004
170,reg,2018112506,PHI,NYG,12,2018,http://www.nfl.com/liveupdate/game-center/2018112506/2018112506_gtd.json,25,22,1,5.333333333333334,137.33333333333331,118.0,19.333333333333336,-3.6666666666666665,-19.666666666666668,-0.6666666666666667,-2.0,-61.66666666666667,11.666666666666666,2.05555555555556
171,reg,2018112508,LAC,ARI,12,2018,http://www.nfl.com/liveupdate/game-center/2018112508/2018112508_gtd.json,45,10,1,6.666666666666667,12.0,20.333333333333332,-8.333333333333334,-2.333333333333333,-12.666666666666666,0.33333333333333337,-0.6666666666666666,-27.666666666666668,3.333333333333333,16.522222222222233
172,reg,2018112504,IND,MIA,12,2018,http://www.nfl.com/liveupdate/game-center/2018112504/2018112504_gtd.json,27,24,1,0.3333333333333335,-18.333333333333332,59.666666666666664,-78.0,-2.6666666666666665,-35.0,1.6666666666666667,-2.0,-76.0,4.666666666666666,-3.7000000000000015
173,reg,2018112509,DEN,PIT,12,2018,http://www.nfl.com/liveupdate/game-center/2018112509/2018112509_gtd.json,24,17,1,5.333333333333334,45.333333333333336,152.0,-106.66666666666666,1.3333333333333335,11.333333333333334,2.0,-1.0,-73.0,-5.333333333333333,0.6333333333333382
174,reg,2018112510,MIN,GB,12,2018,http://www.nfl.com/liveupdate/game-center/2018112510/2018112510_gtd.json,24,17,1,-1.0,33.0,42.333333333333336,-9.333333333333336,-2.3333333333333335,-5.666666666666668,1.0,0.33333333333333326,2.0,-6.333333333333333,-0.3222222222222246
175,reg,2018112600,HOU,TEN,12,2018,http://www.nfl.com/liveupdate/game-center/2018112600/2018112600_gtd.json,34,17,1,-1.9999999999999998,-39.66666666666667,-27.0,-12.666666666666666,0.33333333333333337,1.0,0.3333333333333333,2.0,82.0,-7.666666666666667,-1.6000000000000025
176,reg,2018112900,DAL,NO,13,2018,http://www.nfl.com/liveupdate/game-center/2018112900/2018112900_gtd.json,13,10,1,2.666666666666667,14.666666666666668,78.33333333333333,-63.66666666666667,-3.666666666666667,-23.666666666666668,1.0,-1.6666666666666665,-77.33333333333334,-18.666666666666664,0.8333333333333266
177,reg,2018120200,ATL,BAL,13,2018,http://www.nfl.com/liveupdate/game-center/2018120200/2018120200_gtd.json,16,26,0,-6.0,-54.33333333333333,-11.0,-43.33333333333333,3.3333333333333335,35.0,-1.6666666666666665,2.3333333333333335,91.66666666666666,-5.0,-6.788888888888886
178,reg,2018120209,TB,CAR,13,2018,http://www.nfl.com/liveupdate/game-center/2018120209/2018120209_gtd.json,24,17,1,-2.666666666666667,-27.333333333333336,61.66666666666667,-89.0,2.6666666666666665,18.0,0.0,0.6666666666666666,19.333333333333336,-12.666666666666666,0.9444444444444406
179,reg,2018120207,NYG,CHI,13,2018,http://www.nfl.com/liveupdate/game-center/2018120207/2018120207_gtd.json,30,27,1,-1.0,-107.0,-61.33333333333333,-45.666666666666664,-0.33333333333333337,-13.666666666666666,-0.33333333333333337,1.6666666666666665,70.66666666666667,0.0,-0.3333333333333375
180,reg,2018120206,MIA,BUF,13,2018,http://www.nfl.com/liveupdate/game-center/2018120206/2018120206_gtd.json,21,17,1,4.333333333333334,98.0,29.0,69.0,1.3333333333333333,6.0,-2.0,-1.3333333333333333,-83.33333333333334,0.666666666666667,4.144444444444446
181,reg,2018120205,JAX,IND,13,2018,http://www.nfl.com/liveupdate/game-center/2018120205/2018120205_gtd.json,6,0,1,-11.0,-120.33333333333333,-145.0,24.666666666666668,5.0,53.666666666666664,-1.3333333333333333,3.333333333333333,157.33333333333334,-3.333333333333333,1.1999999999999982
182,reg,2018120204,HOU,CLE,13,2018,http://www.nfl.com/liveupdate/game-center/2018120204/2018120204_gtd.json,29,13,1,5.666666666666666,49.666666666666664,53.0,-3.3333333333333357,-3.0,-2.0,-0.6666666666666666,1.0,23.666666666666664,-3.0,0.7333333333333307
183,reg,2018120201,CIN,DEN,13,2018,http://www.nfl.com/liveupdate/game-center/2018120201/2018120201_gtd.json,10,24,0,-5.0,-13.333333333333332,-52.333333333333336,39.0,-0.6666666666666665,-18.0,2.0,0.3333333333333333,14.000000000000002,14.0,-2.722222222222226
184,reg,2018120202,DET,LA,13,2018,http://www.nfl.com/liveupdate/game-center/2018120202/2018120202_gtd.json,16,30,0,-4.0,44.33333333333333,-17.666666666666664,62.0,1.6666666666666665,23.333333333333332,0.33333333333333326,-0.3333333333333333,5.0,7.333333333333333,-0.6777777777777676
185,reg,2018120203,GB,ARI,13,2018,http://www.nfl.com/liveupdate/game-center/2018120203/2018120203_gtd.json,17,20,0,2.0,-9.333333333333329,-28.0,18.666666666666664,-1.0,-16.666666666666664,-0.3333333333333333,-0.33333333333333326,-37.00000000000001,-5.333333333333334,6.188888888888893
186,reg,2018120210,OAK,KC,13,2018,http://www.nfl.com/liveupdate/game-center/2018120210/2018120210_gtd.json,33,40,0,1.3333333333333333,79.33333333333334,8.333333333333336,71.0,4.0,52.0,2.666666666666667,-2.0,-56.0,18.666666666666668,-0.06666666666666171
187,reg,2018120211,TEN,NYJ,13,2018,http://www.nfl.com/liveupdate/game-center/2018120211/2018120211_gtd.json,26,22,1,16.0,286.0,90.33333333333333,195.66666666666666,0.33333333333333326,7.666666666666668,-0.6666666666666667,-4.0,-195.33333333333331,0.33333333333333326,13.033333333333335
188,reg,2018120213,SEA,SF,13,2018,http://www.nfl.com/liveupdate/game-center/2018120213/2018120213_gtd.json,43,16,1,-0.9999999999999996,-63.333333333333336,-102.66666666666667,39.33333333333333,1.0,-4.666666666666667,0.3333333333333333,0.33333333333333326,-19.66666666666667,-3.9999999999999996,-2.4666666666666677
189,reg,2018120212,NE,MIN,13,2018,http://www.nfl.com/liveupdate/game-center/2018120212/2018120212_gtd.json,24,10,1,-2.0,-89.66666666666667,-15.666666666666666,-74.0,-1.0,-22.333333333333332,0.0,1.0,59.66666666666666,7.333333333333334,-4.2666666666666675
190,reg,2018120208,PIT,LAC,13,2018,http://www.nfl.com/liveupdate/game-center/2018120208/2018120208_gtd.json,30,33,0,-11.666666666666666,-161.66666666666666,-208.66666666666669,47.00000000000001,-0.9999999999999998,12.333333333333332,-3.333333333333333,3.3333333333333335,143.0,-2.0,-7.355555555555565
191,reg,2018120300,PHI,WAS,13,2018,http://www.nfl.com/liveupdate/game-center/2018120300/2018120300_gtd.json,28,13,1,-1.333333333333334,18.0,25.333333333333343,-7.333333333333333,-1.0000000000000002,-22.666666666666668,-1.0,-1.3333333333333333,-31.666666666666664,12.666666666666666,0.866666666666668
192,reg,2018120600,TEN,JAX,14,2018,http://www.nfl.com/liveupdate/game-center/2018120600/2018120600_gtd.json,30,9,1,13.666666666666666,164.66666666666666,153.66666666666669,11.0,-7.0,-55.0,0.6666666666666667,-2.666666666666667,-132.0,1.0,-4.433333333333332
193,reg,2018120900,BUF,NYJ,14,2018,http://www.nfl.com/liveupdate/game-center/2018120900/2018120900_gtd.json,23,27,0,-5.333333333333334,-69.66666666666667,-59.66666666666667,-10.0,1.3333333333333333,12.666666666666668,-1.6666666666666665,0.6666666666666667,42.333333333333336,0.6666666666666665,1.4333333333333318
194,reg,2018120908,WAS,NYG,14,2018,http://www.nfl.com/liveupdate/game-center/2018120908/2018120908_gtd.json,16,40,0,13.333333333333332,160.66666666666666,147.0,13.666666666666668,-3.333333333333333,-15.666666666666668,1.0000000000000002,-1.3333333333333335,-54.666666666666664,5.0,9.005555555555558
195,reg,2018120907,TB,NO,14,2018,http://www.nfl.com/liveupdate/game-center/2018120907/2018120907_gtd.json,14,28,0,-13.0,-212.66666666666666,-88.0,-124.66666666666666,0.3333333333333335,-19.333333333333332,-1.3333333333333333,2.6666666666666665,103.66666666666667,-6.333333333333334,-7.688888888888894
196,reg,2018120906,MIA,NE,14,2018,http://www.nfl.com/liveupdate/game-center/2018120906/2018120906_gtd.json,34,33,1,-1.9999999999999998,-50.0,-15.666666666666668,-34.333333333333336,-1.3333333333333335,10.0,-0.3333333333333333,0.3333333333333333,-1.3333333333333321,-4.666666666666666,-3.366666666666669
197,reg,2018120905,KC,BAL,14,2018,http://www.nfl.com/liveupdate/game-center/2018120905/2018120905_gtd.json,27,24,1,-1.6666666666666667,-42.66666666666667,31.333333333333336,-74.0,-0.6666666666666667,-16.666666666666668,-1.6666666666666665,1.3333333333333333,54.0,-9.333333333333332,-2.2222222222222223
198,reg,2018120904,HOU,IND,14,2018,http://www.nfl.com/liveupdate/game-center/2018120904/2018120904_gtd.json,21,24,0,0.0,-70.0,-156.33333333333334,86.33333333333334,-1.3333333333333335,34.666666666666664,-1.6666666666666667,3.0,142.0,0.6666666666666666,3.8555555555555543
199,reg,2018120903,GB,ATL,14,2018,http://www.nfl.com/liveupdate/game-center/2018120903/2018120903_gtd.json,34,20,1,11.0,149.66666666666666,99.33333333333334,50.33333333333333,1.0,-1.0,0.6666666666666666,-1.6666666666666665,-62.0,-0.3333333333333333,15.955555555555554
200,reg,2018120902,CLE,CAR,14,2018,http://www.nfl.com/liveupdate/game-center/2018120902/2018120902_gtd.json,26,20,1,1.3333333333333333,53.0,-24.0,77.0,3.6666666666666665,50.333333333333336,0.0,-1.0,-35.666666666666664,7.000000000000001,1.999999999999996
201,reg,2018120910,SF,DEN,14,2018,http://www.nfl.com/liveupdate/game-center/2018120910/2018120910_gtd.json,20,14,1,0.0,53.0,-0.3333333333333339,53.333333333333336,-4.333333333333333,-46.66666666666667,-1.0,-1.6666666666666665,-61.333333333333336,2.6666666666666665,1.1555555555555537
202,reg,2018120909,LAC,CIN,14,2018,http://www.nfl.com/liveupdate/game-center/2018120909/2018120909_gtd.json,26,21,1,6.000000000000001,84.66666666666666,109.33333333333333,-24.666666666666668,0.3333333333333335,1.0,-0.6666666666666667,-1.0,-29.333333333333336,-0.3333333333333333,3.0000000000000098
203,reg,2018120911,ARI,DET,14,2018,http://www.nfl.com/liveupdate/game-center/2018120911/2018120911_gtd.json,3,17,0,7.0,91.66666666666666,101.66666666666666,-9.999999999999998,0.6666666666666666,19.333333333333336,0.6666666666666666,-2.0,-66.66666666666667,3.333333333333333,-2.966666666666672
204,reg,2018120913,OAK,PIT,14,2018,http://www.nfl.com/liveupdate/game-center/2018120913/2018120913_gtd.json,24,21,1,6.0,143.66666666666666,146.33333333333334,-2.6666666666666643,-3.0,-15.999999999999998,3.3333333333333335,-3.666666666666667,-165.33333333333334,6.333333333333333,-1.6777777777777758
205,reg,2018120912,DAL,PHI,14,2018,http://www.nfl.com/liveupdate/game-center/2018120912/2018120912_gtd.json,29,23,1,-8.666666666666668,-84.66666666666667,-53.333333333333336,-31.333333333333336,3.3333333333333335,29.333333333333336,1.0,1.3333333333333335,41.33333333333333,-8.0,-7.466666666666671
206,reg,2018120901,CHI,LA,14,2018,http://www.nfl.com/liveupdate/game-center/2018120901/2018120901_gtd.json,15,6,1,0.33333333333333337,51.333333333333336,-87.0,138.33333333333331,2.666666666666667,53.0,1.0,-1.3333333333333333,-82.0,-3.666666666666666,3.583333333333339
207,reg,2018121000,SEA,MIN,14,2018,http://www.nfl.com/liveupdate/game-center/2018121000/2018121000_gtd.json,21,7,1,-4.333333333333334,-139.33333333333331,-196.66666666666666,57.33333333333333,-2.666666666666667,-40.0,0.3333333333333333,0.0,26.666666666666664,10.666666666666668,-7.388888888888891
208,reg,2018121300,KC,LAC,15,2018,http://www.nfl.com/liveupdate/game-center/2018121300/2018121300_gtd.json,28,29,0,-2.6666666666666665,-73.33333333333333,-19.333333333333336,-54.0,-5.0,-44.0,-0.6666666666666666,0.6666666666666666,4.0,-10.0,1.6388888888888857
209,reg,2018121500,NYJ,HOU,15,2018,http://www.nfl.com/liveupdate/game-center/2018121500/2018121500_gtd.json,22,29,0,-0.6666666666666665,50.333333333333336,197.0,-146.66666666666669,0.3333333333333335,-45.33333333333333,2.6666666666666665,-0.6666666666666666,-25.333333333333336,-1.6666666666666665,-9.011111111111111
210,reg,2018121501,DEN,CLE,15,2018,http://www.nfl.com/liveupdate/game-center/2018121501/2018121501_gtd.json,16,17,0,0.6666666666666666,-30.999999999999996,68.33333333333333,-99.33333333333334,1.3333333333333335,10.0,0.0,1.6666666666666665,65.33333333333334,-10.666666666666666,-3.1111111111111134
211,reg,2018121603,CHI,GB,15,2018,http://www.nfl.com/liveupdate/game-center/2018121603/2018121603_gtd.json,24,17,1,-5.666666666666666,-5.666666666666664,-99.66666666666667,94.0,2.666666666666667,35.333333333333336,0.33333333333333337,1.3333333333333333,45.66666666666667,3.0,1.983333333333337
212,reg,2018121602,BUF,DET,15,2018,http://www.nfl.com/liveupdate/game-center/2018121602/2018121602_gtd.json,14,13,1,-3.3333333333333335,-74.0,-52.666666666666664,-21.333333333333336,-2.0,-28.333333333333332,-1.3333333333333333,0.0,-8.333333333333336,-2.6666666666666665,-5.400000000000001
213,reg,2018121601,BAL,TB,15,2018,http://www.nfl.com/liveupdate/game-center/2018121601/2018121601_gtd.json,20,12,1,4.333333333333334,43.66666666666667,40.333333333333336,3.3333333333333357,-3.3333333333333335,-14.666666666666666,2.3333333333333335,-2.6666666666666665,-101.66666666666667,5.666666666666667,-3.227777777777778
214,reg,2018121600,ATL,ARI,15,2018,http://www.nfl.com/liveupdate/game-center/2018121600/2018121600_gtd.json,40,14,1,-13.333333333333334,-223.0,-226.66666666666669,3.666666666666666,-3.0,-27.0,-1.6666666666666667,2.0,72.0,-2.333333333333333,-13.944444444444443
215,reg,2018121604,CIN,OAK,15,2018,http://www.nfl.com/liveupdate/game-center/2018121604/2018121604_gtd.json,30,16,1,-2.0,-59.66666666666667,43.0,-102.66666666666667,0.33333333333333304,-12.666666666666668,0.33333333333333326,1.3333333333333333,51.0,-1.6666666666666667,-7.288888888888895
216,reg,2018121608,NYG,TEN,15,2018,http://www.nfl.com/liveupdate/game-center/2018121608/2018121608_gtd.json,0,17,0,-9.0,-201.33333333333334,-43.666666666666664,-157.66666666666666,8.0,58.66666666666667,0.0,2.333333333333333,144.66666666666669,-0.3333333333333335,4.116666666666671
217,reg,2018121607,MIN,MIA,15,2018,http://www.nfl.com/liveupdate/game-center/2018121607/2018121607_gtd.json,41,17,1,9.0,153.66666666666669,76.33333333333334,77.33333333333333,3.333333333333333,12.333333333333334,-0.6666666666666666,-2.0,-43.66666666666667,9.0,10.711111111111114
218,reg,2018121606,JAX,WAS,15,2018,http://www.nfl.com/liveupdate/game-center/2018121606/2018121606_gtd.json,13,16,0,-8.0,-16.333333333333336,-94.33333333333333,78.0,-2.333333333333333,-43.0,-0.6666666666666667,0.0,-29.0,2.3333333333333335,-10.911111111111115
219,reg,2018121605,IND,DAL,15,2018,http://www.nfl.com/liveupdate/game-center/2018121605/2018121605_gtd.json,23,0,1,-6.666666666666667,-186.33333333333334,-144.33333333333334,-42.0,-4.0,-45.33333333333333,0.0,1.3333333333333333,33.66666666666667,-1.3333333333333335,-12.249999999999998
220,reg,2018121609,SF,SEA,15,2018,http://www.nfl.com/liveupdate/game-center/2018121609/2018121609_gtd.json,26,23,1,-1.3333333333333335,36.0,149.66666666666666,-113.66666666666667,0.6666666666666666,13.0,-0.6666666666666666,0.0,-3.6666666666666643,-5.666666666666667,2.2999999999999963
221,reg,2018121610,PIT,NE,15,2018,http://www.nfl.com/liveupdate/game-center/2018121610/2018121610_gtd.json,17,10,1,-2.333333333333333,-88.0,-90.66666666666667,2.666666666666666,4.333333333333334,37.666666666666664,-1.0,0.33333333333333326,94.0,10.0,1.8111111111111091
222,reg,2018121611,LA,PHI,15,2018,http://www.nfl.com/liveupdate/game-center/2018121611/2018121611_gtd.json,23,30,0,-10.333333333333332,-168.33333333333334,-147.66666666666666,-20.666666666666668,-1.3333333333333335,-41.0,-1.6666666666666665,4.333333333333334,200.33333333333331,1.3333333333333333,-9.683333333333334
223,reg,2018121700,CAR,NO,15,2018,http://www.nfl.com/liveupdate/game-center/2018121700/2018121700_gtd.json,9,12,0,-6.666666666666667,-51.333333333333336,-27.66666666666667,-23.666666666666668,-3.333333333333333,-38.33333333333333,0.6666666666666667,-0.6666666666666667,-9.666666666666668,10.333333333333332,-5.5888888888888895
224,reg,2018122200,TEN,WAS,16,2018,http://www.nfl.com/liveupdate/game-center/2018122200/2018122200_gtd.json,25,16,1,-0.6666666666666667,73.0,51.66666666666667,21.333333333333332,-3.666666666666667,-42.666666666666664,-0.6666666666666666,0.6666666666666667,-17.666666666666664,-7.666666666666667,-10.300000000000006
225,reg,2018122201,LAC,BAL,16,2018,http://www.nfl.com/liveupdate/game-center/2018122201/2018122201_gtd.json,10,22,0,-6.0,-56.666666666666664,-49.33333333333333,-7.333333333333336,2.666666666666667,17.333333333333336,-0.6666666666666666,0.6666666666666667,64.33333333333333,7.666666666666666,-4.9277777777777745
226,reg,2018122305,CLE,CIN,16,2018,http://www.nfl.com/liveupdate/game-center/2018122305/2018122305_gtd.json,26,18,1,-3.666666666666667,-23.333333333333332,-69.0,45.66666666666667,-2.6666666666666665,-15.666666666666666,-1.3333333333333333,-0.6666666666666666,-44.333333333333336,3.333333333333333,2.9555555555555557
227,reg,2018122306,DAL,TB,16,2018,http://www.nfl.com/liveupdate/game-center/2018122306/2018122306_gtd.json,27,20,1,8.333333333333332,183.0,143.33333333333331,39.66666666666666,-0.6666666666666665,21.333333333333336,2.0,-4.0,-148.0,10.333333333333332,10.005555555555555
228,reg,2018122307,DET,MIN,16,2018,http://www.nfl.com/liveupdate/game-center/2018122307/2018122307_gtd.json,9,27,0,-4.333333333333334,-130.0,-9.333333333333336,-120.66666666666667,0.3333333333333333,-30.666666666666668,0.0,2.0,108.0,-3.666666666666667,-2.57777777777778
229,reg,2018122308,NE,BUF,16,2018,http://www.nfl.com/liveupdate/game-center/2018122308/2018122308_gtd.json,24,12,1,1.0,104.33333333333334,15.333333333333334,89.0,0.0,42.666666666666664,0.3333333333333333,-0.3333333333333333,-52.333333333333336,-8.333333333333334,-1.999999999999996
230,reg,2018122309,NYJ,GB,16,2018,http://www.nfl.com/liveupdate/game-center/2018122309/2018122309_gtd.json,38,44,0,5.666666666666666,100.0,48.0,52.0,3.666666666666667,14.666666666666664,1.3333333333333333,0.0,-9.666666666666666,-0.6666666666666666,2.3222222222222277
231,reg,2018122310,PHI,HOU,16,2018,http://www.nfl.com/liveupdate/game-center/2018122310/2018122310_gtd.json,32,30,1,9.333333333333334,226.66666666666669,271.0,-44.33333333333333,-0.3333333333333333,2.0,2.6666666666666665,-4.0,-174.66666666666666,-2.333333333333333,3.083333333333334
232,reg,2018122304,CAR,ATL,16,2018,http://www.nfl.com/liveupdate/game-center/2018122304/2018122304_gtd.json,10,24,0,-8.0,-58.666666666666664,-17.66666666666667,-41.0,1.3333333333333335,4.0,1.0,1.3333333333333335,67.0,2.6666666666666665,0.47777777777777697
233,reg,2018122300,IND,NYG,16,2018,http://www.nfl.com/liveupdate/game-center/2018122300/2018122300_gtd.json,28,27,1,6.0,31.999999999999993,-111.66666666666667,143.66666666666666,-8.666666666666668,-74.33333333333333,-1.3333333333333333,-0.6666666666666666,-29.999999999999996,7.0,6.116666666666667
234,reg,2018122302,MIA,JAX,16,2018,http://www.nfl.com/liveupdate/game-center/2018122302/2018122302_gtd.json,7,17,0,0.6666666666666665,-29.333333333333332,59.66666666666666,-89.0,-1.6666666666666667,12.333333333333332,-0.6666666666666666,1.6666666666666665,19.666666666666668,-13.0,-0.4666666666666601
235,reg,2018122311,ARI,LA,16,2018,http://www.nfl.com/liveupdate/game-center/2018122311/2018122311_gtd.json,9,31,0,2.3333333333333335,60.33333333333333,79.0,-18.666666666666668,0.6666666666666667,15.333333333333336,-1.3333333333333333,-2.0,-83.33333333333333,-2.3333333333333335,-1.41111111111111
236,reg,2018122312,SF,CHI,16,2018,http://www.nfl.com/liveupdate/game-center/2018122312/2018122312_gtd.json,9,14,0,1.0,-30.333333333333336,25.666666666666668,-56.0,-2.3333333333333335,-32.666666666666664,0.6666666666666667,-2.6666666666666665,-124.66666666666667,-5.0,-8.283333333333331
237,reg,2018122313,NO,PIT,16,2018,http://www.nfl.com/liveupdate/game-center/2018122313/2018122313_gtd.json,31,28,1,-1.0,9.0,34.0,-25.0,-0.33333333333333337,1.333333333333334,-0.6666666666666666,2.0,29.666666666666664,-5.333333333333333,-1.5777777777777782
238,reg,2018122314,SEA,KC,16,2018,http://www.nfl.com/liveupdate/game-center/2018122314/2018122314_gtd.json,38,31,1,0.3333333333333333,-46.0,-155.0,109.0,-1.6666666666666667,-17.666666666666664,-0.6666666666666666,-2.0,-80.33333333333334,10.666666666666668,-3.161111111111108
239,reg,2018122400,OAK,DEN,16,2018,http://www.nfl.com/liveupdate/game-center/2018122400/2018122400_gtd.json,27,14,1,-1.0000000000000002,-14.666666666666668,-129.0,114.33333333333334,0.6666666666666665,16.666666666666664,-0.6666666666666667,0.0,35.666666666666664,4.666666666666667,1.3111111111111184
240,reg,2018123001,BUF,MIA,17,2018,http://www.nfl.com/liveupdate/game-center/2018123001/2018123001_gtd.json,42,17,1,9.0,21.666666666666664,-44.666666666666664,66.33333333333334,0.3333333333333333,-44.0,-0.3333333333333333,-1.0,-5.666666666666664,3.666666666666667,11.488888888888885
241,reg,2018123010,TB,ATL,17,2018,http://www.nfl.com/liveupdate/game-center/2018123010/2018123010_gtd.json,32,34,0,-5.666666666666666,-62.666666666666664,-78.0,15.333333333333329,3.3333333333333335,28.0,0.33333333333333337,2.333333333333333,102.0,2.666666666666667,-4.911111111111111
242,reg,2018123008,NYG,DAL,17,2018,http://www.nfl.com/liveupdate/game-center/2018123008/2018123008_gtd.json,35,36,0,-6.666666666666666,-130.66666666666666,48.0,-178.66666666666666,5.0,36.0,1.3333333333333333,2.333333333333333,116.0,-4.333333333333333,-10.116666666666664
243,reg,2018123007,NO,CAR,17,2018,http://www.nfl.com/liveupdate/game-center/2018123007/2018123007_gtd.json,14,33,0,-1.3333333333333333,-14.0,-24.0,10.0,1.3333333333333333,5.333333333333333,-1.6666666666666665,2.3333333333333335,78.33333333333334,-4.333333333333334,-4.57777777777777
244,reg,2018123006,NE,NYJ,17,2018,http://www.nfl.com/liveupdate/game-center/2018123006/2018123006_gtd.json,38,3,1,0.33333333333333326,39.333333333333336,-65.33333333333334,104.66666666666667,-5.333333333333334,-17.333333333333332,0.0,0.0,-41.333333333333336,-10.666666666666668,-3.4166666666666656
245,reg,2018123003,HOU,JAX,17,2018,http://www.nfl.com/liveupdate/game-center/2018123003/2018123003_gtd.json,20,3,1,5.333333333333334,0.6666666666666679,42.666666666666664,-42.0,1.6666666666666665,23.0,-0.33333333333333337,1.3333333333333333,46.0,-9.0,12.855555555555561
246,reg,2018123002,GB,DET,17,2018,http://www.nfl.com/liveupdate/game-center/2018123002/2018123002_gtd.json,0,31,0,-8.0,-49.33333333333333,-58.0,8.666666666666666,0.0,22.333333333333332,-1.0,0.6666666666666666,43.333333333333336,6.333333333333334,-4.827777777777783
247,reg,2018123012,WAS,PHI,17,2018,http://www.nfl.com/liveupdate/game-center/2018123012/2018123012_gtd.json,0,24,0,-10.333333333333332,-220.66666666666666,-148.66666666666666,-72.0,1.0,-7.0000000000000036,-1.3333333333333335,3.0,140.33333333333331,5.333333333333333,-13.305555555555554
248,reg,2018123013,DEN,LAC,17,2018,http://www.nfl.com/liveupdate/game-center/2018123013/2018123013_gtd.json,9,23,0,3.6666666666666665,110.66666666666666,71.0,39.666666666666664,-3.3333333333333335,-29.666666666666664,-0.3333333333333333,-3.3333333333333335,-176.66666666666669,-0.9999999999999998,7.222222222222221
249,reg,2018123004,KC,OAK,17,2018,http://www.nfl.com/liveupdate/game-center/2018123004/2018123004_gtd.json,35,3,1,3.0,23.0,101.33333333333334,-78.33333333333334,-4.333333333333334,-56.33333333333333,-0.33333333333333326,1.0,16.333333333333332,-16.666666666666664,-1.0055555555555569
250,reg,2018123005,MIN,CHI,17,2018,http://www.nfl.com/liveupdate/game-center/2018123005/2018123005_gtd.json,10,24,0,5.333333333333334,21.0,-4.333333333333332,25.333333333333336,-0.6666666666666667,-4.0,1.0,-2.0,-123.33333333333333,-5.666666666666666,3.233333333333335
251,reg,2018123000,BAL,CLE,17,2018,http://www.nfl.com/liveupdate/game-center/2018123000/2018123000_gtd.json,26,24,1,6.0,-37.66666666666667,-33.33333333333333,-4.333333333333334,0.0,-6.666666666666667,0.6666666666666667,2.333333333333333,91.33333333333333,-4.0,2.761111111111105
252,reg,2018123014,LA,SF,17,2018,http://www.nfl.com/liveupdate/game-center/2018123014/2018123014_gtd.json,48,32,1,-2.6666666666666665,-42.333333333333336,-70.33333333333333,28.000000000000004,0.33333333333333326,6.333333333333333,-0.3333333333333333,3.0,163.0,-2.6666666666666665,4.4999999999999964
253,reg,2018123009,PIT,CIN,17,2018,http://www.nfl.com/liveupdate/game-center/2018123009/2018123009_gtd.json,16,13,1,-3.6666666666666665,-103.66666666666666,-97.33333333333334,-6.333333333333332,0.0,7.000000000000002,0.3333333333333333,0.3333333333333333,28.666666666666668,9.0,-2.7444444444444436
254,reg,2018123015,SEA,ARI,17,2018,http://www.nfl.com/liveupdate/game-center/2018123015/2018123015_gtd.json,27,24,1,7.0,-12.0,-75.33333333333333,63.33333333333333,-3.6666666666666665,-40.666666666666664,1.0,-1.6666666666666665,-107.33333333333333,1.3333333333333335,5.1555555555555586
255,reg,2018123011,TEN,IND,17,2018,http://www.nfl.com/liveupdate/game-center/2018123011/2018123011_gtd.json,17,33,0,-4.0,54.0,86.33333333333333,-32.333333333333336,0.3333333333333335,-5.000000000000002,0.3333333333333333,-0.6666666666666666,-49.66666666666667,-3.333333333333333,-7.422222222222227
