,type,game_id,home_team,away_team,week,season,state_of_game,game_url,home_score,away_score,h_win,a_win,h_totfd,a_totfd,h_totyds,a_totyds,h_pyds,a_pyds,h_ryds,a_ryds,h_pen,a_pen,h_penyds,a_penyds,h_trnovr,a_trnovr,h_pt,a_pt,h_ptyds,a_ptyds,h_ptavg,a_ptavg,h_top,a_top
0,reg,2018090600,PHI,ATL,1,2018,POST,http://www.nfl.com/liveupdate/game-center/2018090600/2018090600_gtd.json,18,12,1,0,18,16,232,299,119,225,113,74,11,15,101,135,2,1,6,6,313,286,47,43,32:10,27:50
1,reg,2018090900,BAL,BUF,1,2018,POST,http://www.nfl.com/liveupdate/game-center/2018090900/2018090900_gtd.json,47,3,1,0,26,10,369,153,252,70,117,83,9,10,78,100,1,2,5,8,257,397,48,43,35:14,24:46
2,reg,2018090907,NYG,JAX,1,2018,POST,http://www.nfl.com/liveupdate/game-center/2018090907/2018090907_gtd.json,15,20,0,1,15,17,324,305,210,168,114,137,6,11,43,119,2,1,5,7,247,264,43,37,30:29,29:31
3,reg,2018090906,NO,TB,1,2018,POST,http://www.nfl.com/liveupdate/game-center/2018090906/2018090906_gtd.json,40,48,0,1,26,26,475,529,432,417,43,112,8,7,77,70,2,0,3,1,156,42,46,42,27:51,32:09
4,reg,2018090905,NE,HOU,1,2018,POST,http://www.nfl.com/liveupdate/game-center/2018090905/2018090905_gtd.json,27,20,1,0,23,21,389,325,267,158,122,167,6,6,36,44,3,2,6,6,281,230,44,38,31:10,28:50
5,reg,2018090904,MIN,SF,1,2018,POST,http://www.nfl.com/liveupdate/game-center/2018090904/2018090904_gtd.json,24,16,1,0,19,20,343,327,227,237,116,90,7,3,52,21,1,4,6,4,230,174,36,42,31:09,28:51
6,reg,2018090903,MIA,TEN,1,2018,POST,http://www.nfl.com/liveupdate/game-center/2018090903/2018090903_gtd.json,27,20,1,0,18,19,342,336,222,220,120,116,7,5,51,48,2,3,4,4,215,179,33,45,30:25,29:35
7,reg,2018090902,IND,CIN,1,2018,POST,http://www.nfl.com/liveupdate/game-center/2018090902/2018090902_gtd.json,23,34,0,1,24,19,380,330,305,229,75,101,7,8,91,94,2,2,2,2,95,96,48,48,32:48,27:12
8,reg,2018090901,CLE,PIT,1,2018,POST,http://www.nfl.com/liveupdate/game-center/2018090901/2018090901_gtd.json,21,21,0,0,22,25,327,472,150,313,177,159,11,12,87,116,1,6,12,7,522,275,37,37,34:48,35:12
9,reg,2018090908,LAC,KC,1,2018,POST,http://www.nfl.com/liveupdate/game-center/2018090908/2018090908_gtd.json,28,38,0,1,33,19,541,362,418,256,123,106,7,6,45,50,2,0,3,5,144,256,16,52,34:26,25:34
10,reg,2018090911,DEN,SEA,1,2018,POST,http://www.nfl.com/liveupdate/game-center/2018090911/2018090911_gtd.json,27,24,1,0,25,13,470,306,324,242,146,64,7,7,60,45,3,3,6,6,267,354,43,58,35:08,24:52
11,reg,2018090910,CAR,DAL,1,2018,POST,http://www.nfl.com/liveupdate/game-center/2018090910/2018090910_gtd.json,16,8,1,0,20,17,293,232,146,138,147,94,9,10,80,85,1,1,6,6,287,293,42,39,30:36,29:24
12,reg,2018090909,ARI,WAS,1,2018,POST,http://www.nfl.com/liveupdate/game-center/2018090909/2018090909_gtd.json,6,24,0,1,14,30,213,429,145,247,68,182,9,9,67,63,2,1,5,4,263,186,46,36,21:52,38:08
13,reg,2018090912,GB,CHI,1,2018,POST,http://www.nfl.com/liveupdate/game-center/2018090912/2018090912_gtd.json,24,23,1,0,16,18,370,294,301,155,69,139,8,5,72,35,2,1,4,4,192,201,37,46,26:38,33:22
14,reg,2018091000,DET,NYJ,1,2018,POST,http://www.nfl.com/liveupdate/game-center/2018091000/2018091000_gtd.json,17,48,0,1,20,18,339,349,300,180,39,169,3,7,15,49,5,2,3,3,152,112,5,37,26:53,33:07
15,reg,2018091001,OAK,LA,1,2018,POST,http://www.nfl.com/liveupdate/game-center/2018091001/2018091001_gtd.json,13,33,0,1,20,23,395,365,300,225,95,140,11,8,155,70,3,0,4,2,178,117,42,54,31:31,28:29
16,reg,2018091300,CIN,BAL,2,2018,POST,http://www.nfl.com/liveupdate/game-center/2018091300/2018091300_gtd.json,34,23,1,0,24,28,373,425,265,359,108,66,9,7,92,51,0,3,6,3,241,169,41,42,31:50,28:10
17,reg,2018091600,ATL,CAR,2,2018,POST,http://www.nfl.com/liveupdate/game-center/2018091600/2018091600_gtd.json,31,24,1,0,23,27,442,439,272,318,170,121,2,7,26,49,1,1,4,4,179,191,38,47,29:42,30:18
18,reg,2018091608,WAS,IND,2,2018,POST,http://www.nfl.com/liveupdate/game-center/2018091608/2018091608_gtd.json,9,21,0,1,20,17,334,281,269,177,65,104,7,6,90,26,1,2,5,5,182,235,36,42,33:20,26:40
19,reg,2018091607,TEN,HOU,2,2018,POST,http://www.nfl.com/liveupdate/game-center/2018091607/2018091607_gtd.json,20,17,1,0,15,21,283,437,183,289,100,148,8,11,70,88,0,1,5,4,261,164,47,36,30:22,29:38
20,reg,2018091606,TB,PHI,2,2018,POST,http://www.nfl.com/liveupdate/game-center/2018091606/2018091606_gtd.json,27,21,1,0,18,24,436,412,393,321,43,91,4,6,44,55,2,2,6,5,260,280,41,46,24:21,35:39
21,reg,2018091605,PIT,KC,2,2018,POST,http://www.nfl.com/liveupdate/game-center/2018091605/2018091605_gtd.json,37,42,0,1,33,24,475,449,442,322,33,127,12,12,90,76,0,1,5,2,226,100,32,47,32:11,27:49
22,reg,2018091604,NYJ,MIA,2,2018,POST,http://www.nfl.com/liveupdate/game-center/2018091604/2018091604_gtd.json,12,20,0,1,21,18,362,257,320,122,42,135,7,2,50,10,3,2,5,6,263,295,43,49,31:35,28:25
23,reg,2018091601,BUF,LAC,2,2018,POST,http://www.nfl.com/liveupdate/game-center/2018091601/2018091601_gtd.json,20,31,0,1,17,21,293,349,209,240,84,109,6,6,31,45,2,0,5,5,223,233,37,41,26:58,33:02
24,reg,2018091602,GB,MIN,2,2018,POST,http://www.nfl.com/liveupdate/game-center/2018091602/2018091602_gtd.json,29,29,0,0,24,24,351,480,253,412,98,68,7,8,54,70,0,1,5,5,259,204,45,31,38:08,31:52
25,reg,2018091603,NO,CLE,2,2018,POST,http://www.nfl.com/liveupdate/game-center/2018091603/2018091603_gtd.json,21,18,1,0,18,16,275,327,213,234,62,93,4,4,53,43,2,1,4,3,179,118,45,39,32:41,27:19
26,reg,2018091610,SF,DET,2,2018,POST,http://www.nfl.com/liveupdate/game-center/2018091610/2018091610_gtd.json,30,27,1,0,23,25,346,427,156,329,190,98,9,10,86,105,0,1,5,5,227,211,43,39,29:34,30:26
27,reg,2018091609,LA,ARI,2,2018,POST,http://www.nfl.com/liveupdate/game-center/2018091609/2018091609_gtd.json,34,0,1,0,24,5,432,137,342,83,90,54,5,9,49,47,1,1,2,8,102,403,41,34,34:08,25:52
28,reg,2018091612,JAX,NE,2,2018,POST,http://www.nfl.com/liveupdate/game-center/2018091612/2018091612_gtd.json,31,20,1,0,27,18,480,302,376,220,104,82,7,2,71,25,2,1,3,4,106,222,35,45,30:46,29:14
29,reg,2018091611,DEN,OAK,2,2018,POST,http://www.nfl.com/liveupdate/game-center/2018091611/2018091611_gtd.json,20,19,1,0,20,21,385,373,217,281,168,92,6,4,35,30,1,0,4,4,204,189,44,42,27:04,32:56
30,reg,2018091613,DAL,NYG,2,2018,POST,http://www.nfl.com/liveupdate/game-center/2018091613/2018091613_gtd.json,20,13,1,0,16,17,298,255,160,220,138,35,6,3,47,24,0,1,4,6,173,260,40,40,27:48,32:12
31,reg,2018091700,CHI,SEA,2,2018,POST,http://www.nfl.com/liveupdate/game-center/2018091700/2018091700_gtd.json,24,17,1,0,20,17,271,276,185,202,86,74,7,5,55,37,2,2,5,7,206,316,38,37,34:24,25:36
32,reg,2018092000,CLE,NYJ,3,2018,POST,http://www.nfl.com/liveupdate/game-center/2018092000/2018092000_gtd.json,21,17,1,0,20,14,323,268,190,161,133,107,5,6,41,55,0,3,8,7,273,344,33,46,30:52,29:08
33,reg,2018092300,ATL,NO,3,2018,POST,http://www.nfl.com/liveupdate/game-center/2018092300/2018092300_gtd.json,37,43,0,1,24,32,407,534,359,391,48,143,5,11,54,120,0,0,6,4,216,202,29,43,29:20,37:45
34,reg,2018092309,WAS,GB,3,2018,POST,http://www.nfl.com/liveupdate/game-center/2018092309/2018092309_gtd.json,31,17,1,0,20,19,386,340,220,240,166,100,6,11,66,115,1,1,5,5,235,232,41,45,29:05,30:55
35,reg,2018092308,PHI,IND,3,2018,POST,http://www.nfl.com/liveupdate/game-center/2018092308/2018092308_gtd.json,20,16,1,0,26,14,379,209,227,141,152,68,10,11,110,77,2,0,3,5,128,222,42,44,40:12,19:48
36,reg,2018092307,MIN,BUF,3,2018,POST,http://www.nfl.com/liveupdate/game-center/2018092307/2018092307_gtd.json,6,27,0,1,21,16,292,292,278,164,14,128,6,12,59,84,3,0,5,6,259,259,45,43,24:15,35:45
37,reg,2018092306,MIA,OAK,3,2018,POST,http://www.nfl.com/liveupdate/game-center/2018092306/2018092306_gtd.json,28,20,1,0,13,25,373,434,332,325,41,109,9,8,74,38,0,2,6,3,282,112,42,37,21:29,38:31
38,reg,2018092301,BAL,DEN,3,2018,POST,http://www.nfl.com/liveupdate/game-center/2018092301/2018092301_gtd.json,27,14,1,0,20,18,342,293,265,173,77,120,7,13,52,120,0,1,5,7,197,287,28,39,30:14,29:46
39,reg,2018092302,CAR,CIN,3,2018,POST,http://www.nfl.com/liveupdate/game-center/2018092302/2018092302_gtd.json,31,21,1,0,23,25,377,396,147,330,230,66,3,4,17,36,0,4,4,3,165,132,39,43,33:55,26:05
40,reg,2018092303,HOU,NYG,3,2018,POST,http://www.nfl.com/liveupdate/game-center/2018092303/2018092303_gtd.json,22,27,0,1,21,21,427,379,368,265,59,114,7,3,50,20,2,0,3,4,155,198,50,38,24:30,35:30
41,reg,2018092304,JAX,TEN,3,2018,POST,http://www.nfl.com/liveupdate/game-center/2018092304/2018092304_gtd.json,6,9,0,1,12,15,232,233,145,83,87,150,8,4,75,30,1,0,6,6,273,280,38,42,27:13,32:47
42,reg,2018092305,KC,SF,3,2018,POST,http://www.nfl.com/liveupdate/game-center/2018092305/2018092305_gtd.json,38,27,1,0,31,26,384,406,307,228,77,178,6,14,48,147,0,0,2,4,87,148,43,36,30:01,29:59
43,reg,2018092310,LA,LAC,3,2018,POST,http://www.nfl.com/liveupdate/game-center/2018092310/2018092310_gtd.json,35,23,1,0,33,16,521,356,350,215,171,141,6,4,64,30,2,2,1,3,49,102,38,24,34:16,25:44
44,reg,2018092312,SEA,DAL,3,2018,POST,http://www.nfl.com/liveupdate/game-center/2018092312/2018092312_gtd.json,24,13,1,0,18,17,295,303,182,137,113,166,10,7,67,55,0,3,8,5,350,240,41,43,32:44,27:16
45,reg,2018092311,ARI,CHI,3,2018,POST,http://www.nfl.com/liveupdate/game-center/2018092311/2018092311_gtd.json,14,16,0,1,13,21,221,316,168,194,53,122,6,7,43,45,4,2,4,3,203,158,40,44,23:39,36:21
46,reg,2018092313,DET,NE,3,2018,POST,http://www.nfl.com/liveupdate/game-center/2018092313/2018092313_gtd.json,26,10,1,0,25,12,414,209,255,120,159,89,6,5,70,38,1,1,2,5,90,217,45,38,39:15,20:45
47,reg,2018092400,TB,PIT,3,2018,POST,http://www.nfl.com/liveupdate/game-center/2018092400/2018092400_gtd.json,27,30,0,1,28,22,455,413,392,335,63,78,9,13,80,155,4,1,3,5,126,228,37,42,29:39,30:21
48,reg,2018092700,LA,MIN,4,2018,POST,http://www.nfl.com/liveupdate/game-center/2018092700/2018092700_gtd.json,38,31,1,0,25,25,556,446,456,392,100,54,2,4,15,35,0,1,2,4,71,159,36,39,27:46,32:14
49,reg,2018093005,JAX,NYJ,4,2018,POST,http://www.nfl.com/liveupdate/game-center/2018093005/2018093005_gtd.json,31,12,1,0,23,10,503,178,377,144,126,34,9,6,89,43,3,0,4,7,185,345,45,45,37:35,22:25
50,reg,2018093006,NE,MIA,4,2018,POST,http://www.nfl.com/liveupdate/game-center/2018093006/2018093006_gtd.json,38,7,1,0,26,11,449,172,274,116,175,56,6,10,57,89,2,2,2,7,80,293,29,35,36:22,23:38
51,reg,2018093007,TEN,PHI,4,2018,POST,http://www.nfl.com/liveupdate/game-center/2018093007/2018093007_gtd.json,26,23,1,0,22,25,397,432,327,315,70,117,4,8,30,77,1,1,5,6,254,308,38,40,35:30,34:25
52,reg,2018093004,IND,HOU,4,2018,POST,http://www.nfl.com/liveupdate/game-center/2018093004/2018093004_gtd.json,34,37,0,1,28,30,478,466,437,347,41,119,10,10,85,54,2,1,5,5,220,207,40,38,29:56,40:04
53,reg,2018093003,GB,BUF,4,2018,POST,http://www.nfl.com/liveupdate/game-center/2018093003/2018093003_gtd.json,22,0,1,0,22,11,423,145,282,87,141,58,5,3,60,20,2,3,4,8,171,348,38,41,34:37,25:23
54,reg,2018093002,DAL,DET,4,2018,POST,http://www.nfl.com/liveupdate/game-center/2018093002/2018093002_gtd.json,26,24,1,0,26,18,414,382,231,286,183,96,2,8,20,58,0,0,2,4,78,171,39,38,30:05,29:55
55,reg,2018093001,CHI,TB,4,2018,POST,http://www.nfl.com/liveupdate/game-center/2018093001/2018093001_gtd.json,48,10,1,0,28,16,483,311,344,251,139,60,4,11,38,99,0,3,2,5,96,214,47,40,28:06,31:54
56,reg,2018093000,ATL,CIN,4,2018,POST,http://www.nfl.com/liveupdate/game-center/2018093000/2018093000_gtd.json,36,37,0,1,25,30,495,407,403,308,92,99,10,6,95,55,0,1,1,2,41,31,28,10,29:22,30:38
57,reg,2018093008,ARI,SEA,4,2018,POST,http://www.nfl.com/liveupdate/game-center/2018093008/2018093008_gtd.json,17,20,0,1,18,19,263,331,171,160,92,171,5,8,38,57,1,0,5,4,253,190,43,43,28:14,31:46
58,reg,2018093009,OAK,CLE,4,2018,POST,http://www.nfl.com/liveupdate/game-center/2018093009/2018093009_gtd.json,45,42,1,0,27,21,565,487,426,279,139,208,6,8,65,55,2,4,6,7,267,350,40,36,36:51,31:23
59,reg,2018093011,NYG,NO,4,2018,POST,http://www.nfl.com/liveupdate/game-center/2018093011/2018093011_gtd.json,18,33,0,1,22,25,299,389,234,219,65,170,6,5,67,51,2,0,4,2,204,95,42,48,29:00,31:00
60,reg,2018093010,LAC,SF,4,2018,POST,http://www.nfl.com/liveupdate/game-center/2018093010/2018093010_gtd.json,29,27,1,0,21,22,368,364,242,288,126,76,5,4,49,29,1,2,4,5,174,235,42,31,32:26,27:34
61,reg,2018093012,PIT,BAL,4,2018,POST,http://www.nfl.com/liveupdate/game-center/2018093012/2018093012_gtd.json,14,26,0,1,14,24,284,451,265,355,19,96,5,7,40,50,2,1,5,4,206,175,40,38,24:57,35:03
62,reg,2018100100,DEN,KC,4,2018,POST,http://www.nfl.com/liveupdate/game-center/2018100100/2018100100_gtd.json,23,27,0,1,21,22,385,446,226,304,159,142,3,10,25,93,1,0,3,4,123,168,29,32,24:58,35:02
63,reg,2018100400,NE,IND,5,2018,POST,http://www.nfl.com/liveupdate/game-center/2018100400/2018100400_gtd.json,38,24,1,0,26,26,438,439,341,355,97,84,7,4,50,35,2,3,4,3,193,142,39,41,27:34,32:26
64,reg,2018100700,BUF,TEN,5,2018,POST,http://www.nfl.com/liveupdate/game-center/2018100700/2018100700_gtd.json,13,12,1,0,18,15,223,221,79,121,144,100,4,5,30,40,1,3,4,2,175,106,29,49,33:49,26:11
65,reg,2018100707,PIT,ATL,5,2018,POST,http://www.nfl.com/liveupdate/game-center/2018100707/2018100707_gtd.json,41,17,1,0,22,22,381,324,250,262,131,62,7,7,58,75,1,1,3,4,143,117,47,23,29:08,30:52
66,reg,2018100706,NYJ,DEN,5,2018,POST,http://www.nfl.com/liveupdate/game-center/2018100706/2018100706_gtd.json,34,16,1,0,18,26,512,436,189,344,323,92,4,6,33,45,2,1,3,8,134,329,38,32,28:54,31:06
67,reg,2018100705,KC,JAX,5,2018,POST,http://www.nfl.com/liveupdate/game-center/2018100705/2018100705_gtd.json,30,14,1,0,26,29,424,502,298,401,126,101,11,5,105,45,2,5,2,3,116,108,55,35,32:43,27:17
68,reg,2018100704,DET,GB,5,2018,POST,http://www.nfl.com/liveupdate/game-center/2018100704/2018100704_gtd.json,31,23,1,0,18,30,264,521,170,423,94,98,8,12,71,112,0,3,5,0,228,0,45,0,26:40,33:20
69,reg,2018100703,CLE,BAL,5,2018,POST,http://www.nfl.com/liveupdate/game-center/2018100703/2018100703_gtd.json,12,9,1,0,20,25,416,410,304,294,112,116,10,4,66,41,1,2,9,8,452,366,41,40,36:16,33:42
70,reg,2018100701,CAR,NYG,5,2018,POST,http://www.nfl.com/liveupdate/game-center/2018100701/2018100701_gtd.json,33,31,1,0,21,18,350,432,232,382,118,50,4,8,22,62,2,3,3,2,153,99,46,51,35:27,24:33
71,reg,2018100702,CIN,MIA,5,2018,POST,http://www.nfl.com/liveupdate/game-center/2018100702/2018100702_gtd.json,27,17,1,0,17,17,332,297,229,169,103,128,6,9,47,85,1,3,4,5,173,209,22,38,30:35,29:25
72,reg,2018100708,LAC,OAK,5,2018,POST,http://www.nfl.com/liveupdate/game-center/2018100708/2018100708_gtd.json,26,10,1,0,19,14,412,289,333,248,79,41,9,7,82,55,0,2,3,4,129,197,42,41,34:40,25:20
73,reg,2018100710,SF,ARI,5,2018,POST,http://www.nfl.com/liveupdate/game-center/2018100710/2018100710_gtd.json,18,28,0,1,33,10,447,220,300,164,147,56,9,5,65,46,5,0,4,8,177,317,39,39,40:12,19:48
74,reg,2018100709,PHI,MIN,5,2018,POST,http://www.nfl.com/liveupdate/game-center/2018100709/2018100709_gtd.json,21,23,0,1,21,19,364,375,283,298,81,77,8,4,52,23,2,1,4,2,187,78,41,39,27:13,32:47
75,reg,2018100711,SEA,LA,5,2018,POST,http://www.nfl.com/liveupdate/game-center/2018100711/2018100711_gtd.json,31,33,0,1,20,30,373,468,183,313,190,155,7,7,50,45,0,2,4,1,138,38,27,41,30:30,29:30
76,reg,2018100712,HOU,DAL,5,2018,POST,http://www.nfl.com/liveupdate/game-center/2018100712/2018100712_gtd.json,19,16,1,0,25,14,462,292,374,194,88,98,5,7,25,72,2,2,3,5,160,220,39,34,36:38,31:32
77,reg,2018100800,NO,WAS,5,2018,POST,http://www.nfl.com/liveupdate/game-center/2018100800/2018100800_gtd.json,43,19,1,0,27,18,447,283,349,244,98,39,4,6,45,38,1,2,0,3,0,110,0,37,33:17,26:43
78,reg,2018101100,NYG,PHI,6,2018,POST,http://www.nfl.com/liveupdate/game-center/2018101100/2018101100_gtd.json,13,34,0,1,17,23,401,379,254,271,147,108,5,4,61,25,1,0,5,5,253,240,41,48,27:30,32:30
79,reg,2018101400,ATL,TB,6,2018,POST,http://www.nfl.com/liveupdate/game-center/2018101400/2018101400_gtd.json,34,29,1,0,26,30,417,510,347,389,70,121,5,4,30,20,0,2,4,2,180,81,41,34,31:39,28:21
80,reg,2018101408,WAS,CAR,6,2018,POST,http://www.nfl.com/liveupdate/game-center/2018101408/2018101408_gtd.json,23,17,1,0,18,22,288,350,156,269,132,81,5,8,43,55,0,3,4,3,164,133,41,34,35:24,24:36
81,reg,2018101407,OAK,SEA,6,2018,POST,http://www.nfl.com/liveupdate/game-center/2018101407/2018101407_gtd.json,3,27,0,1,15,19,185,369,106,214,79,155,5,8,38,64,2,1,3,2,92,86,31,43,28:34,31:26
82,reg,2018101406,NYJ,IND,6,2018,POST,http://www.nfl.com/liveupdate/game-center/2018101406/2018101406_gtd.json,42,34,1,0,18,24,374,428,267,301,107,127,7,8,49,66,2,4,1,2,43,93,43,44,37:02,22:58
83,reg,2018101405,MIN,ARI,6,2018,POST,http://www.nfl.com/liveupdate/game-center/2018101405/2018101405_gtd.json,27,17,1,0,20,16,411,268,216,208,195,60,9,5,52,30,2,2,5,6,225,288,42,44,34:22,25:38
84,reg,2018101401,CIN,PIT,6,2018,POST,http://www.nfl.com/liveupdate/game-center/2018101401/2018101401_gtd.json,21,28,0,1,19,26,275,481,213,369,62,112,6,9,30,69,0,0,6,4,270,172,41,42,25:04,34:56
85,reg,2018101402,CLE,LAC,6,2018,POST,http://www.nfl.com/liveupdate/game-center/2018101402/2018101402_gtd.json,14,38,0,1,18,24,317,449,214,203,103,246,6,10,53,72,2,1,6,5,242,208,34,31,28:23,31:37
86,reg,2018101403,HOU,BUF,6,2018,POST,http://www.nfl.com/liveupdate/game-center/2018101403/2018101403_gtd.json,20,13,1,0,15,12,216,229,142,129,74,100,6,12,50,104,3,3,5,6,203,243,39,34,27:00,33:00
87,reg,2018101404,MIA,CHI,6,2018,POST,http://www.nfl.com/liveupdate/game-center/2018101404/2018101404_gtd.json,31,28,1,0,23,23,541,467,380,303,161,164,7,6,67,58,3,3,4,2,162,79,34,40,36:35,33:25
88,reg,2018101409,DEN,LA,6,2018,POST,http://www.nfl.com/liveupdate/game-center/2018101409/2018101409_gtd.json,20,23,0,1,23,24,357,444,297,174,60,270,6,10,61,81,1,1,4,3,169,120,35,40,24:50,35:10
89,reg,2018101411,TEN,BAL,6,2018,POST,http://www.nfl.com/liveupdate/game-center/2018101411/2018101411_gtd.json,0,21,0,1,7,23,106,361,51,238,55,123,4,10,35,70,0,1,9,4,375,175,36,44,22:26,37:34
90,reg,2018101410,DAL,JAX,6,2018,POST,http://www.nfl.com/liveupdate/game-center/2018101410/2018101410_gtd.json,40,7,1,0,23,10,378,204,172,139,206,65,3,4,25,30,0,2,3,6,123,248,42,37,38:50,21:10
91,reg,2018101412,NE,KC,6,2018,POST,http://www.nfl.com/liveupdate/game-center/2018101412/2018101412_gtd.json,43,40,1,0,31,18,500,446,327,352,173,94,0,5,0,58,1,2,0,1,0,51,0,51,36:09,23:51
92,reg,2018101500,GB,SF,6,2018,POST,http://www.nfl.com/liveupdate/game-center/2018101500/2018101500_gtd.json,33,30,1,0,26,18,521,401,405,227,116,174,6,2,54,10,0,3,4,3,155,126,34,40,31:08,28:52
93,reg,2018101800,ARI,DEN,7,2018,POST,http://www.nfl.com/liveupdate/game-center/2018101800/2018101800_gtd.json,10,45,0,1,14,15,223,309,154,178,69,131,7,5,45,50,5,1,6,6,304,261,47,41,29:11,30:49
94,reg,2018102100,LAC,TEN,7,2018,POST,http://www.nfl.com/liveupdate/game-center/2018102100/2018102100_gtd.json,20,19,1,0,14,23,344,390,297,226,47,164,4,4,31,32,0,1,3,2,115,103,38,45,24:37,35:23
95,reg,2018102104,JAX,HOU,7,2018,POST,http://www.nfl.com/liveupdate/game-center/2018102104/2018102104_gtd.json,7,20,0,1,15,15,259,272,189,131,70,141,2,6,15,35,3,0,6,6,274,277,39,39,30:25,29:35
96,reg,2018102108,PHI,CAR,7,2018,POST,http://www.nfl.com/liveupdate/game-center/2018102108/2018102108_gtd.json,17,21,0,1,21,19,342,371,284,250,58,121,4,5,35,78,1,0,3,5,135,209,41,35,35:17,24:43
97,reg,2018102107,NYJ,MIN,7,2018,POST,http://www.nfl.com/liveupdate/game-center/2018102107/2018102107_gtd.json,17,37,0,1,16,15,263,316,192,228,71,88,8,6,71,55,4,0,8,8,377,382,40,47,27:49,32:11
98,reg,2018102102,CHI,NE,7,2018,POST,http://www.nfl.com/liveupdate/game-center/2018102102/2018102102_gtd.json,31,38,0,1,29,21,453,381,319,273,134,108,5,7,40,64,2,3,5,4,173,171,28,34,30:09,29:51
99,reg,2018102103,IND,BUF,7,2018,POST,http://www.nfl.com/liveupdate/game-center/2018102103/2018102103_gtd.json,37,5,1,0,22,15,376,303,156,168,220,135,4,7,35,59,0,5,4,4,188,185,47,46,33:19,26:41
100,reg,2018102109,TB,CLE,7,2018,POST,http://www.nfl.com/liveupdate/game-center/2018102109/2018102109_gtd.json,26,23,1,0,34,17,456,305,342,186,114,119,8,14,65,114,4,1,4,9,187,465,30,45,37:43,30:27
101,reg,2018102106,MIA,DET,7,2018,POST,http://www.nfl.com/liveupdate/game-center/2018102106/2018102106_gtd.json,21,32,0,1,19,24,322,457,215,209,107,248,4,6,50,43,0,0,4,1,182,61,42,42,26:21,33:39
102,reg,2018102101,BAL,NO,7,2018,POST,http://www.nfl.com/liveupdate/game-center/2018102101/2018102101_gtd.json,23,24,0,1,25,26,351,339,274,205,77,134,5,6,54,52,0,1,3,2,137,88,42,40,26:29,33:31
103,reg,2018102110,WAS,DAL,7,2018,POST,http://www.nfl.com/liveupdate/game-center/2018102110/2018102110_gtd.json,20,17,1,0,15,17,305,323,175,250,130,73,5,8,35,65,0,2,6,5,227,208,36,37,30:55,29:05
104,reg,2018102111,SF,LA,7,2018,POST,http://www.nfl.com/liveupdate/game-center/2018102111/2018102111_gtd.json,10,39,0,1,16,20,228,339,121,193,107,146,2,1,10,10,4,0,5,4,160,122,21,29,27:09,32:51
105,reg,2018102105,KC,CIN,7,2018,POST,http://www.nfl.com/liveupdate/game-center/2018102105/2018102105_gtd.json,45,10,1,0,33,15,551,239,353,174,198,65,8,8,49,58,1,1,0,5,0,258,0,43,33:43,26:17
106,reg,2018102200,ATL,NYG,7,2018,POST,http://www.nfl.com/liveupdate/game-center/2018102200/2018102200_gtd.json,23,20,1,0,22,21,423,433,356,372,67,61,5,4,29,58,1,0,3,4,133,163,35,41,32:17,27:43
107,reg,2018102500,HOU,MIA,8,2018,POST,http://www.nfl.com/liveupdate/game-center/2018102500/2018102500_gtd.json,42,23,1,0,17,18,427,370,239,254,188,116,8,5,57,63,0,1,5,4,211,188,32,44,28:51,31:09
108,reg,2018102800,JAX,PHI,8,2018,POST,http://www.nfl.com/liveupdate/game-center/2018102800/2018102800_gtd.json,18,24,0,1,16,22,335,395,265,262,70,133,5,4,45,36,1,2,2,3,96,155,48,41,27:22,32:38
109,reg,2018102805,KC,DEN,8,2018,POST,http://www.nfl.com/liveupdate/game-center/2018102805/2018102805_gtd.json,30,23,1,0,20,22,340,411,291,222,49,189,7,10,50,83,1,2,5,4,196,175,33,40,27:19,32:41
110,reg,2018102807,PIT,CLE,8,2018,POST,http://www.nfl.com/liveupdate/game-center/2018102807/2018102807_gtd.json,33,18,1,0,25,17,421,237,253,163,168,74,8,7,60,52,2,1,4,5,176,235,38,38,32:12,27:48
111,reg,2018102806,NYG,WAS,8,2018,POST,http://www.nfl.com/liveupdate/game-center/2018102806/2018102806_gtd.json,13,20,0,1,18,20,303,360,266,178,37,182,11,8,102,90,2,1,5,5,220,246,44,46,26:22,33:38
112,reg,2018102804,DET,SEA,8,2018,POST,http://www.nfl.com/liveupdate/game-center/2018102804/2018102804_gtd.json,14,28,0,1,21,20,331,413,297,237,34,176,4,7,32,111,3,0,4,4,181,198,38,48,25:05,34:55
113,reg,2018102803,CIN,TB,8,2018,POST,http://www.nfl.com/liveupdate/game-center/2018102803/2018102803_gtd.json,37,34,1,0,21,29,402,576,264,450,138,126,4,11,46,75,0,4,6,3,263,149,43,40,24:01,35:59
114,reg,2018102802,CHI,NYJ,8,2018,POST,http://www.nfl.com/liveupdate/game-center/2018102802/2018102802_gtd.json,24,10,1,0,22,12,395,207,216,150,179,57,2,8,25,45,0,0,5,8,225,337,35,38,32:44,27:16
115,reg,2018102801,CAR,BAL,8,2018,POST,http://www.nfl.com/liveupdate/game-center/2018102801/2018102801_gtd.json,36,21,1,0,22,20,386,325,232,224,154,101,4,9,30,68,0,3,3,3,137,153,38,44,34:01,25:59
116,reg,2018102808,OAK,IND,8,2018,POST,http://www.nfl.com/liveupdate/game-center/2018102808/2018102808_gtd.json,28,42,0,1,19,28,347,461,244,239,103,222,10,10,79,77,1,0,2,1,80,46,35,47,23:30,36:30
117,reg,2018102809,ARI,SF,8,2018,POST,http://www.nfl.com/liveupdate/game-center/2018102809/2018102809_gtd.json,18,15,1,0,20,16,321,267,233,160,88,107,9,5,62,59,2,0,5,7,229,285,39,41,27:41,32:19
118,reg,2018102810,LA,GB,8,2018,POST,http://www.nfl.com/liveupdate/game-center/2018102810/2018102810_gtd.json,29,27,1,0,23,16,416,359,281,253,135,106,2,2,15,10,0,1,7,5,316,214,43,38,34:10,25:50
119,reg,2018102811,MIN,NO,8,2018,POST,http://www.nfl.com/liveupdate/game-center/2018102811/2018102811_gtd.json,20,30,0,1,27,17,423,270,338,164,85,106,6,7,54,64,2,1,2,2,81,86,33,41,31:23,28:37
120,reg,2018102900,BUF,NE,8,2018,POST,http://www.nfl.com/liveupdate/game-center/2018102900/2018102900_gtd.json,6,25,0,1,16,22,333,387,287,311,46,76,6,5,51,33,2,0,5,4,198,148,32,29,28:10,31:50
121,reg,2018110100,SF,OAK,9,2018,POST,http://www.nfl.com/liveupdate/game-center/2018110100/2018110100_gtd.json,34,3,1,0,18,14,405,242,262,140,143,102,3,6,23,40,0,0,3,6,164,225,48,37,28:34,31:26
122,reg,2018110401,BUF,CHI,9,2018,POST,http://www.nfl.com/liveupdate/game-center/2018110401/2018110401_gtd.json,9,41,0,1,22,11,264,190,166,126,98,64,10,14,163,129,4,1,5,5,188,200,28,37,34:03,25:57
123,reg,2018110402,CAR,TB,9,2018,POST,http://www.nfl.com/liveupdate/game-center/2018110402/2018110402_gtd.json,42,28,1,0,22,23,407,301,228,219,179,82,9,8,84,49,0,2,4,5,200,231,46,44,31:00,29:00
124,reg,2018110403,CLE,KC,9,2018,POST,http://www.nfl.com/liveupdate/game-center/2018110403/2018110403_gtd.json,21,37,0,1,26,27,388,499,286,360,102,139,4,11,20,86,1,1,2,2,39,63,13,31,30:51,29:09
125,reg,2018110404,MIA,NYJ,9,2018,POST,http://www.nfl.com/liveupdate/game-center/2018110404/2018110404_gtd.json,13,6,1,0,7,15,168,282,104,202,64,80,5,5,55,45,0,4,9,6,402,277,43,40,28:26,31:34
126,reg,2018110400,BAL,PIT,9,2018,POST,http://www.nfl.com/liveupdate/game-center/2018110400/2018110400_gtd.json,16,23,0,1,18,27,265,395,204,282,61,113,5,8,25,103,0,0,4,4,189,150,38,31,23:31,36:29
127,reg,2018110405,MIN,DET,9,2018,POST,http://www.nfl.com/liveupdate/game-center/2018110405/2018110405_gtd.json,24,9,1,0,17,18,283,209,155,143,128,66,3,8,15,66,2,1,4,5,163,222,41,40,23:15,36:45
128,reg,2018110406,WAS,ATL,9,2018,POST,http://www.nfl.com/liveupdate/game-center/2018110406/2018110406_gtd.json,14,38,0,1,20,25,366,491,287,337,79,154,10,7,147,50,1,1,5,2,245,103,48,52,27:04,32:56
129,reg,2018110407,DEN,HOU,9,2018,POST,http://www.nfl.com/liveupdate/game-center/2018110407/2018110407_gtd.json,17,19,0,1,19,17,348,290,273,192,75,98,8,7,50,60,1,0,5,6,236,307,44,48,27:35,32:25
130,reg,2018110408,SEA,LAC,9,2018,POST,http://www.nfl.com/liveupdate/game-center/2018110408/2018110408_gtd.json,17,25,0,1,25,18,356,375,202,215,154,160,10,12,83,105,1,0,6,6,317,258,50,42,35:41,24:19
131,reg,2018110409,NO,LA,9,2018,POST,http://www.nfl.com/liveupdate/game-center/2018110409/2018110409_gtd.json,45,35,1,0,31,23,487,483,346,391,141,92,2,4,20,32,1,1,2,1,67,47,34,47,33:41,26:19
132,reg,2018110410,NE,GB,9,2018,POST,http://www.nfl.com/liveupdate/game-center/2018110410/2018110410_gtd.json,31,17,1,0,28,22,433,367,310,250,123,117,5,7,30,63,0,1,3,5,149,210,50,42,27:26,32:34
133,reg,2018110500,DAL,TEN,9,2018,POST,http://www.nfl.com/liveupdate/game-center/2018110500/2018110500_gtd.json,14,28,0,1,18,24,297,340,225,215,72,125,6,3,52,20,2,2,3,1,134,45,41,38,25:34,34:26
134,reg,2018110800,PIT,CAR,10,2018,POST,http://www.nfl.com/liveupdate/game-center/2018110800/2018110800_gtd.json,52,21,1,0,25,18,457,242,319,147,138,95,1,5,24,42,0,2,2,5,80,205,40,39,30:35,29:25
135,reg,2018111101,CIN,NO,10,2018,POST,http://www.nfl.com/liveupdate/game-center/2018111101/2018111101_gtd.json,14,51,0,1,13,33,284,509,174,265,110,244,4,1,26,5,2,0,4,0,157,0,39,0,20:14,39:46
136,reg,2018111102,CLE,ATL,10,2018,POST,http://www.nfl.com/liveupdate/game-center/2018111102/2018111102_gtd.json,28,16,1,0,19,25,427,382,216,311,211,71,7,1,38,5,1,2,4,3,187,118,46,37,28:37,31:23
137,reg,2018111100,CHI,DET,10,2018,POST,http://www.nfl.com/liveupdate/game-center/2018111100/2018111100_gtd.json,34,22,1,0,20,24,402,305,348,229,54,76,6,6,46,41,0,3,3,4,144,156,38,35,28:00,32:00
138,reg,2018111105,KC,ARI,10,2018,POST,http://www.nfl.com/liveupdate/game-center/2018111105/2018111105_gtd.json,26,14,1,0,20,21,330,260,212,166,118,94,8,3,63,30,0,2,5,5,233,247,41,45,28:13,31:47
139,reg,2018111108,TEN,NE,10,2018,POST,http://www.nfl.com/liveupdate/game-center/2018111108/2018111108_gtd.json,34,10,1,0,23,16,385,284,235,244,150,40,4,4,35,31,0,0,5,6,241,298,42,39,32:57,27:03
140,reg,2018111107,TB,WAS,10,2018,POST,http://www.nfl.com/liveupdate/game-center/2018111107/2018111107_gtd.json,3,16,0,1,29,15,501,286,398,170,103,116,5,8,50,52,4,0,1,5,44,247,24,48,31:12,28:48
141,reg,2018111106,NYJ,BUF,10,2018,POST,http://www.nfl.com/liveupdate/game-center/2018111106/2018111106_gtd.json,10,41,0,1,12,23,199,451,116,239,83,212,1,4,10,30,2,0,7,4,312,174,36,35,20:38,39:22
142,reg,2018111104,IND,JAX,10,2018,POST,http://www.nfl.com/liveupdate/game-center/2018111104/2018111104_gtd.json,29,26,1,0,17,24,366,415,285,324,81,91,7,8,45,61,1,1,3,3,138,138,46,44,24:50,35:10
143,reg,2018111109,OAK,LAC,10,2018,POST,http://www.nfl.com/liveupdate/game-center/2018111109/2018111109_gtd.json,6,20,0,1,16,16,317,335,203,222,114,113,6,6,55,70,1,1,3,4,162,171,49,41,31:10,28:50
144,reg,2018111110,LA,SEA,10,2018,POST,http://www.nfl.com/liveupdate/game-center/2018111110/2018111110_gtd.json,36,31,1,0,25,29,456,414,307,141,149,273,10,7,102,56,0,1,2,3,89,165,40,48,29:23,30:37
145,reg,2018111103,GB,MIA,10,2018,POST,http://www.nfl.com/liveupdate/game-center/2018111103/2018111103_gtd.json,31,12,1,0,21,19,377,294,182,163,195,131,6,3,45,10,1,2,2,2,37,77,12,19,27:52,32:08
146,reg,2018111111,PHI,DAL,10,2018,POST,http://www.nfl.com/liveupdate/game-center/2018111111/2018111111_gtd.json,20,27,0,1,23,23,421,410,350,239,71,171,0,5,0,37,1,0,2,4,88,163,44,38,26:38,33:22
147,reg,2018111200,SF,NYG,10,2018,POST,http://www.nfl.com/liveupdate/game-center/2018111200/2018111200_gtd.json,23,27,0,1,24,17,374,277,250,180,124,97,10,8,97,78,2,0,3,5,133,238,42,43,34:14,25:46
148,reg,2018111500,SEA,GB,11,2018,POST,http://www.nfl.com/liveupdate/game-center/2018111500/2018111500_gtd.json,27,24,1,0,23,14,378,359,205,311,173,48,6,5,30,80,1,0,4,6,208,284,44,44,34:18,25:42
149,reg,2018111801,BAL,CIN,11,2018,POST,http://www.nfl.com/liveupdate/game-center/2018111801/2018111801_gtd.json,24,21,1,0,23,15,403,255,136,207,267,48,5,7,31,58,1,0,4,6,157,251,28,40,38:09,21:51
150,reg,2018111800,ATL,DAL,11,2018,POST,http://www.nfl.com/liveupdate/game-center/2018111800/2018111800_gtd.json,19,22,0,1,19,20,354,323,274,191,80,132,2,2,15,20,1,0,2,3,62,133,31,39,28:03,31:57
151,reg,2018111805,NYG,TB,11,2018,POST,http://www.nfl.com/liveupdate/game-center/2018111805/2018111805_gtd.json,38,35,1,0,19,31,359,510,196,359,163,151,8,4,60,40,0,4,4,1,166,44,34,39,27:53,32:07
152,reg,2018111810,JAX,PIT,11,2018,POST,http://www.nfl.com/liveupdate/game-center/2018111810/2018111810_gtd.json,16,20,0,1,15,19,243,323,64,297,179,26,11,3,111,15,1,3,9,6,415,306,38,42,37:40,22:20
153,reg,2018111806,WAS,HOU,11,2018,POST,http://www.nfl.com/liveupdate/game-center/2018111806/2018111806_gtd.json,21,23,0,1,23,19,278,320,154,181,124,139,6,7,43,40,2,3,5,1,202,30,37,30,30:57,29:03
154,reg,2018111804,IND,TEN,11,2018,POST,http://www.nfl.com/liveupdate/game-center/2018111804/2018111804_gtd.json,38,10,1,0,26,16,397,263,295,176,102,87,7,8,60,112,0,2,3,6,142,296,47,39,31:16,28:44
155,reg,2018111803,DET,CAR,11,2018,POST,http://www.nfl.com/liveupdate/game-center/2018111803/2018111803_gtd.json,20,19,1,0,20,20,309,387,215,331,94,56,1,2,5,15,0,1,6,5,281,222,44,42,31:40,28:20
156,reg,2018111808,LAC,DEN,11,2018,POST,http://www.nfl.com/liveupdate/game-center/2018111808/2018111808_gtd.json,22,23,0,1,26,16,479,325,384,217,95,108,14,7,120,43,2,0,2,5,78,224,39,40,37:49,22:11
157,reg,2018111807,ARI,OAK,11,2018,POST,http://www.nfl.com/liveupdate/game-center/2018111807/2018111807_gtd.json,21,23,0,1,13,19,282,325,128,173,154,152,7,4,62,20,2,0,8,8,418,361,46,35,23:59,36:01
158,reg,2018111809,NO,PHI,11,2018,POST,http://www.nfl.com/liveupdate/game-center/2018111809/2018111809_gtd.json,48,7,1,0,28,13,546,196,373,138,173,58,8,6,69,49,0,3,2,4,99,159,51,37,37:34,22:26
159,reg,2018111802,CHI,MIN,11,2018,POST,http://www.nfl.com/liveupdate/game-center/2018111802/2018111802_gtd.json,25,20,1,0,24,19,308,268,160,246,148,22,5,4,46,50,3,3,2,4,71,178,31,42,34:29,25:31
160,reg,2018111900,LA,KC,11,2018,POST,http://www.nfl.com/liveupdate/game-center/2018111900/2018111900_gtd.json,54,51,1,0,29,27,455,546,379,448,76,98,8,13,60,135,2,5,4,3,222,142,50,48,30:23,29:37
161,reg,2018112200,DET,CHI,12,2018,POST,http://www.nfl.com/liveupdate/game-center/2018112200/2018112200_gtd.json,16,23,0,1,17,19,333,264,222,226,111,38,5,3,54,20,2,1,5,5,227,235,36,38,32:46,27:14
162,reg,2018112201,DAL,WAS,12,2018,POST,http://www.nfl.com/liveupdate/game-center/2018112201/2018112201_gtd.json,31,23,1,0,20,18,404,331,258,251,146,80,4,4,30,25,0,3,6,5,287,228,41,46,33:23,26:37
163,reg,2018112202,NO,ATL,12,2018,POST,http://www.nfl.com/liveupdate/game-center/2018112202/2018112202_gtd.json,31,17,1,0,19,21,312,366,162,340,150,26,3,2,19,26,1,4,3,2,144,96,41,45,29:01,30:59
164,reg,2018112503,CIN,CLE,12,2018,POST,http://www.nfl.com/liveupdate/game-center/2018112503/2018112503_gtd.json,20,35,0,1,25,24,372,342,243,258,129,84,13,7,96,61,2,0,2,4,99,188,47,33,27:56,32:04
165,reg,2018112507,TB,SF,12,2018,POST,http://www.nfl.com/liveupdate/game-center/2018112507/2018112507_gtd.json,27,9,1,0,25,23,412,342,304,194,108,148,9,8,70,68,0,2,5,6,230,260,45,42,34:09,25:51
166,reg,2018112501,BUF,JAX,12,2018,POST,http://www.nfl.com/liveupdate/game-center/2018112501/2018112501_gtd.json,24,21,1,0,18,25,327,333,160,107,167,226,13,10,80,90,0,2,7,6,314,287,37,46,27:18,32:42
167,reg,2018112500,BAL,OAK,12,2018,POST,http://www.nfl.com/liveupdate/game-center/2018112500/2018112500_gtd.json,34,17,1,0,23,13,416,249,174,182,242,67,6,4,45,24,2,1,2,6,94,268,49,32,34:12,25:48
168,reg,2018112502,CAR,SEA,12,2018,POST,http://www.nfl.com/liveupdate/game-center/2018112502/2018112502_gtd.json,27,30,0,1,26,21,476,397,256,322,220,75,3,4,30,36,1,0,1,3,55,158,55,46,29:34,30:26
169,reg,2018112505,NYJ,NE,12,2018,POST,http://www.nfl.com/liveupdate/game-center/2018112505/2018112505_gtd.json,13,27,0,1,18,25,338,498,264,283,74,215,8,11,47,105,1,0,5,4,222,184,40,41,25:34,34:26
170,reg,2018112506,PHI,NYG,12,2018,POST,http://www.nfl.com/liveupdate/game-center/2018112506/2018112506_gtd.json,25,22,1,0,19,18,341,402,214,276,127,126,7,11,46,91,0,1,4,3,201,133,39,43,32:38,27:22
171,reg,2018112508,LAC,ARI,12,2018,POST,http://www.nfl.com/liveupdate/game-center/2018112508/2018112508_gtd.json,45,10,1,0,30,10,414,149,236,87,178,62,4,3,30,35,1,1,2,5,105,246,40,40,35:18,24:42
172,reg,2018112504,IND,MIA,12,2018,POST,http://www.nfl.com/liveupdate/game-center/2018112504/2018112504_gtd.json,27,24,1,0,26,14,455,314,337,201,118,113,7,10,52,75,3,1,3,6,103,285,34,45,31:54,28:06
173,reg,2018112509,DEN,PIT,12,2018,POST,http://www.nfl.com/liveupdate/game-center/2018112509/2018112509_gtd.json,24,17,1,0,17,25,308,527,184,452,124,75,6,5,50,34,0,4,6,3,282,133,46,42,25:00,35:00
174,reg,2018112510,MIN,GB,12,2018,POST,http://www.nfl.com/liveupdate/game-center/2018112510/2018112510_gtd.json,24,17,1,0,22,14,416,254,325,172,91,82,6,4,55,20,0,1,4,6,183,276,37,39,34:37,25:23
175,reg,2018112600,HOU,TEN,12,2018,POST,http://www.nfl.com/liveupdate/game-center/2018112600/2018112600_gtd.json,34,17,1,0,19,14,462,365,181,260,281,105,3,7,53,50,0,1,5,6,224,298,37,44,29:58,30:02
176,reg,2018112900,DAL,NO,13,2018,POST,http://www.nfl.com/liveupdate/game-center/2018112900/2018112900_gtd.json,13,10,1,0,21,14,308,176,209,111,99,65,8,5,80,48,2,1,3,4,153,206,45,45,36:53,23:07
177,reg,2018120200,ATL,BAL,13,2018,POST,http://www.nfl.com/liveupdate/game-center/2018120200/2018120200_gtd.json,16,26,0,1,16,25,131,366,97,159,34,207,8,9,82,88,1,1,5,3,252,142,46,35,20:21,39:39
178,reg,2018120209,TB,CAR,13,2018,POST,http://www.nfl.com/liveupdate/game-center/2018120209/2018120209_gtd.json,24,17,1,0,18,27,315,444,220,276,95,168,9,7,69,104,1,4,6,2,267,113,40,47,29:54,30:06
179,reg,2018120207,NYG,CHI,13,2018,POST,http://www.nfl.com/liveupdate/game-center/2018120207/2018120207_gtd.json,30,27,1,0,18,23,338,376,197,258,141,118,12,8,107,58,1,3,7,6,311,303,42,45,33:13,33:58
180,reg,2018120206,MIA,BUF,13,2018,POST,http://www.nfl.com/liveupdate/game-center/2018120206/2018120206_gtd.json,21,17,1,0,15,24,175,415,115,217,60,198,8,13,89,120,1,3,7,4,320,183,46,44,27:03,32:57
181,reg,2018120205,JAX,IND,13,2018,POST,http://www.nfl.com/liveupdate/game-center/2018120205/2018120205_gtd.json,6,0,1,0,11,19,211,265,132,224,79,41,8,6,74,65,1,2,7,6,329,298,45,42,29:33,30:27
182,reg,2018120204,HOU,CLE,13,2018,POST,http://www.nfl.com/liveupdate/game-center/2018120204/2018120204_gtd.json,29,13,1,0,25,20,384,428,197,397,187,31,5,6,77,45,0,4,3,2,114,91,38,36,37:35,22:25
183,reg,2018120201,CIN,DEN,13,2018,POST,http://www.nfl.com/liveupdate/game-center/2018120201/2018120201_gtd.json,10,24,0,1,20,16,313,361,202,143,111,218,12,7,100,60,3,1,7,6,303,260,40,43,31:20,28:40
184,reg,2018120202,DET,LA,13,2018,POST,http://www.nfl.com/liveupdate/game-center/2018120202/2018120202_gtd.json,16,30,0,1,23,24,310,344,208,195,102,149,8,7,54,105,2,2,6,3,286,151,45,44,31:44,28:16
185,reg,2018120203,GB,ARI,13,2018,POST,http://www.nfl.com/liveupdate/game-center/2018120203/2018120203_gtd.json,17,20,0,1,22,18,325,315,227,133,98,182,7,7,43,49,0,0,7,6,339,269,41,41,32:26,27:34
186,reg,2018120210,OAK,KC,13,2018,POST,http://www.nfl.com/liveupdate/game-center/2018120210/2018120210_gtd.json,33,40,0,1,28,25,442,469,271,295,171,174,8,11,74,94,3,1,2,3,61,123,31,41,30:46,29:14
187,reg,2018120211,TEN,NYJ,13,2018,POST,http://www.nfl.com/liveupdate/game-center/2018120211/2018120211_gtd.json,26,22,1,0,22,15,403,280,273,124,130,156,8,11,75,96,1,1,7,6,266,267,30,38,26:38,33:22
188,reg,2018120213,SEA,SF,13,2018,POST,http://www.nfl.com/liveupdate/game-center/2018120213/2018120213_gtd.json,43,16,1,0,21,24,331,452,163,386,168,66,10,13,100,128,0,3,4,5,199,202,47,41,27:30,32:30
189,reg,2018120212,NE,MIN,13,2018,POST,http://www.nfl.com/liveupdate/game-center/2018120212/2018120212_gtd.json,24,10,1,0,27,16,471,278,311,183,160,95,7,5,60,55,1,2,4,5,166,228,36,40,33:21,26:39
190,reg,2018120208,PIT,LAC,13,2018,POST,http://www.nfl.com/liveupdate/game-center/2018120208/2018120208_gtd.json,30,33,0,1,23,22,336,371,271,286,65,85,7,5,59,80,1,0,4,4,204,145,33,34,28:48,31:12
191,reg,2018120300,PHI,WAS,13,2018,POST,http://www.nfl.com/liveupdate/game-center/2018120300/2018120300_gtd.json,28,13,1,0,28,10,436,235,306,131,130,104,5,10,38,69,1,1,2,6,93,290,46,45,39:19,20:41
192,reg,2018120600,TEN,JAX,14,2018,POST,http://www.nfl.com/liveupdate/game-center/2018120600/2018120600_gtd.json,30,9,1,0,21,17,426,255,162,195,264,60,3,7,30,67,1,1,2,5,118,250,59,48,29:20,30:40
193,reg,2018120900,BUF,NYJ,14,2018,POST,http://www.nfl.com/liveupdate/game-center/2018120900/2018120900_gtd.json,23,27,0,1,24,15,368,248,192,170,176,78,7,7,47,93,3,2,1,3,40,120,40,39,33:47,26:13
194,reg,2018120908,WAS,NYG,14,2018,POST,http://www.nfl.com/liveupdate/game-center/2018120908/2018120908_gtd.json,16,40,0,1,12,19,288,402,204,175,84,227,15,2,135,18,3,1,8,6,409,258,45,43,29:51,30:09
195,reg,2018120907,TB,NO,14,2018,POST,http://www.nfl.com/liveupdate/game-center/2018120907/2018120907_gtd.json,14,28,0,1,20,19,279,298,174,198,105,100,10,6,84,51,1,2,6,3,225,155,28,42,28:07,31:53
196,reg,2018120906,MIA,NE,14,2018,POST,http://www.nfl.com/liveupdate/game-center/2018120906/2018120906_gtd.json,34,33,1,0,20,28,412,421,223,344,189,77,7,5,81,30,0,0,6,3,170,142,23,42,24:46,35:14
197,reg,2018120905,KC,BAL,14,2018,POST,http://www.nfl.com/liveupdate/game-center/2018120905/2018120905_gtd.json,27,24,1,0,30,24,442,321,348,127,94,194,7,11,53,112,1,1,3,3,111,158,19,48,37:00,31:27
198,reg,2018120904,HOU,IND,14,2018,POST,http://www.nfl.com/liveupdate/game-center/2018120904/2018120904_gtd.json,21,24,0,1,25,24,315,436,226,386,89,50,7,9,35,59,0,1,8,6,362,278,39,37,31:57,28:03
199,reg,2018120903,GB,ATL,14,2018,POST,http://www.nfl.com/liveupdate/game-center/2018120903/2018120903_gtd.json,34,20,1,0,23,22,300,344,162,237,138,107,6,13,37,101,0,2,4,4,169,200,39,50,29:11,30:49
200,reg,2018120902,CLE,CAR,14,2018,POST,http://www.nfl.com/liveupdate/game-center/2018120902/2018120902_gtd.json,26,20,1,0,12,22,348,393,232,297,116,96,7,10,52,68,2,1,3,4,143,158,46,35,26:10,33:50
201,reg,2018120910,SF,DEN,14,2018,POST,http://www.nfl.com/liveupdate/game-center/2018120910/2018120910_gtd.json,20,14,1,0,24,22,389,274,305,171,84,103,11,11,87,62,1,0,5,6,210,287,34,40,30:41,29:19
202,reg,2018120909,LAC,CIN,14,2018,POST,http://www.nfl.com/liveupdate/game-center/2018120909/2018120909_gtd.json,26,21,1,0,17,19,288,295,203,151,85,144,6,6,38,34,0,0,4,3,173,132,38,44,27:22,32:38
203,reg,2018120911,ARI,DET,14,2018,POST,http://www.nfl.com/liveupdate/game-center/2018120911/2018120911_gtd.json,3,17,0,1,22,16,279,218,218,96,61,122,8,7,83,68,1,1,6,7,299,317,45,42,31:44,28:16
204,reg,2018120913,OAK,PIT,14,2018,POST,http://www.nfl.com/liveupdate/game-center/2018120913/2018120913_gtd.json,24,21,1,0,20,24,354,340,299,300,55,40,13,2,130,14,1,1,4,3,194,116,42,39,32:36,27:24
205,reg,2018120912,DAL,PHI,14,2018,POST,http://www.nfl.com/liveupdate/game-center/2018120912/2018120912_gtd.json,29,23,1,0,32,16,576,256,434,222,142,34,11,5,110,49,3,1,2,6,102,276,47,44,45:33,22:32
206,reg,2018120901,CHI,LA,14,2018,POST,http://www.nfl.com/liveupdate/game-center/2018120901/2018120901_gtd.json,15,6,1,0,17,14,294,214,100,162,194,52,6,9,45,57,3,4,5,3,229,146,42,41,36:49,23:11
207,reg,2018121000,SEA,MIN,14,2018,POST,http://www.nfl.com/liveupdate/game-center/2018121000/2018121000_gtd.json,21,7,1,0,19,16,274,276,60,199,214,77,4,4,45,51,1,1,5,5,220,213,44,39,31:49,28:11
208,reg,2018121300,KC,LAC,15,2018,POST,http://www.nfl.com/liveupdate/game-center/2018121300/2018121300_gtd.json,28,29,0,1,22,30,294,407,234,288,60,119,10,7,66,50,0,2,4,2,203,83,46,32,26:44,33:16
209,reg,2018121500,NYJ,HOU,15,2018,POST,http://www.nfl.com/liveupdate/game-center/2018121500/2018121500_gtd.json,22,29,0,1,21,15,318,286,228,239,90,47,9,5,60,43,1,0,4,3,197,137,45,38,35:04,24:56
210,reg,2018121501,DEN,CLE,15,2018,POST,http://www.nfl.com/liveupdate/game-center/2018121501/2018121501_gtd.json,16,17,0,1,22,21,270,309,238,175,32,134,8,6,51,75,2,2,3,4,124,194,38,49,32:42,27:18
211,reg,2018121603,CHI,GB,15,2018,POST,http://www.nfl.com/liveupdate/game-center/2018121603/2018121603_gtd.json,24,17,1,0,19,19,332,323,232,235,100,88,4,7,24,48,1,1,4,5,177,208,44,31,30:23,29:37
212,reg,2018121602,BUF,DET,15,2018,POST,http://www.nfl.com/liveupdate/game-center/2018121602/2018121602_gtd.json,14,13,1,0,20,14,312,313,195,208,117,105,3,4,20,81,0,0,6,7,245,317,36,41,31:06,28:54
213,reg,2018121601,BAL,TB,15,2018,POST,http://www.nfl.com/liveupdate/game-center/2018121601/2018121601_gtd.json,20,12,1,0,24,12,370,241,128,156,242,85,8,6,70,58,2,1,3,4,127,163,38,36,37:10,22:50
214,reg,2018121600,ATL,ARI,15,2018,POST,http://www.nfl.com/liveupdate/game-center/2018121600/2018121600_gtd.json,40,14,1,0,23,18,435,253,220,193,215,60,6,8,50,75,0,3,6,7,266,336,39,47,30:40,29:20
215,reg,2018121604,CIN,OAK,15,2018,POST,http://www.nfl.com/liveupdate/game-center/2018121604/2018121604_gtd.json,30,16,1,0,18,13,294,297,123,229,171,68,9,8,85,90,1,2,5,6,216,229,39,38,33:19,26:41
216,reg,2018121608,NYG,TEN,15,2018,POST,http://www.nfl.com/liveupdate/game-center/2018121608/2018121608_gtd.json,0,17,0,1,15,22,260,301,213,86,47,215,10,4,58,35,2,0,6,5,237,220,38,44,24:39,35:21
217,reg,2018121607,MIN,MIA,15,2018,POST,http://www.nfl.com/liveupdate/game-center/2018121607/2018121607_gtd.json,41,17,1,0,22,12,418,193,198,37,220,156,6,8,45,49,1,0,3,7,127,351,40,31,33:16,26:44
218,reg,2018121606,JAX,WAS,15,2018,POST,http://www.nfl.com/liveupdate/game-center/2018121606/2018121606_gtd.json,13,16,0,1,11,16,192,245,20,136,172,109,8,6,55,48,2,0,5,6,262,279,50,33,26:54,33:06
219,reg,2018121605,IND,DAL,15,2018,POST,http://www.nfl.com/liveupdate/game-center/2018121605/2018121605_gtd.json,23,0,1,0,25,19,370,292,192,180,178,112,6,9,55,74,1,1,1,2,52,81,50,41,31:48,28:12
220,reg,2018121609,SF,SEA,15,2018,POST,http://www.nfl.com/liveupdate/game-center/2018121609/2018121609_gtd.json,26,23,1,0,20,18,351,385,257,217,94,168,8,14,66,148,1,0,4,8,192,426,41,45,29:40,37:14
221,reg,2018121610,PIT,NE,15,2018,POST,http://www.nfl.com/liveupdate/game-center/2018121610/2018121610_gtd.json,17,10,1,0,24,18,376,368,218,272,158,96,4,14,40,106,2,1,2,5,78,216,39,43,30:49,29:11
222,reg,2018121611,LA,PHI,15,2018,POST,http://www.nfl.com/liveupdate/game-center/2018121611/2018121611_gtd.json,23,30,0,1,23,17,407,381,325,270,82,111,5,6,50,49,3,1,3,3,169,155,52,52,28:24,31:36
223,reg,2018121700,CAR,NO,15,2018,POST,http://www.nfl.com/liveupdate/game-center/2018121700/2018121700_gtd.json,9,12,0,1,13,21,247,346,149,191,98,155,4,9,48,80,2,2,6,4,239,168,38,42,24:51,35:09
224,reg,2018122200,TEN,WAS,16,2018,POST,http://www.nfl.com/liveupdate/game-center/2018122200/2018122200_gtd.json,25,16,1,0,20,17,291,292,192,131,99,161,2,8,10,49,0,2,4,2,169,107,42,46,26:57,33:03
225,reg,2018122201,LAC,BAL,16,2018,POST,http://www.nfl.com/liveupdate/game-center/2018122201/2018122201_gtd.json,10,22,0,1,14,15,198,361,147,202,51,159,8,4,69,40,3,1,7,3,291,150,39,39,28:35,31:25
226,reg,2018122305,CLE,CIN,16,2018,POST,http://www.nfl.com/liveupdate/game-center/2018122305/2018122305_gtd.json,26,18,1,0,23,15,493,209,347,107,146,102,6,3,57,15,0,0,3,5,88,219,22,37,35:31,24:29
227,reg,2018122306,DAL,TB,16,2018,POST,http://www.nfl.com/liveupdate/game-center/2018122306/2018122306_gtd.json,27,20,1,0,16,27,232,383,152,320,80,63,10,9,67,72,0,2,4,2,166,102,42,45,24:41,35:19
228,reg,2018122307,DET,MIN,16,2018,POST,http://www.nfl.com/liveupdate/game-center/2018122307/2018122307_gtd.json,9,27,0,1,17,16,223,340,137,240,86,100,7,11,55,78,0,0,6,6,249,288,40,45,31:28,28:32
229,reg,2018122308,NE,BUF,16,2018,POST,http://www.nfl.com/liveupdate/game-center/2018122308/2018122308_gtd.json,24,12,1,0,20,14,390,289,117,217,273,72,5,3,49,29,3,3,6,6,259,230,41,32,35:38,24:22
230,reg,2018122309,NYJ,GB,16,2018,POST,http://www.nfl.com/liveupdate/game-center/2018122309/2018122309_gtd.json,38,44,0,1,23,35,370,540,323,413,47,127,16,10,172,86,0,1,4,3,176,113,44,34,29:18,34:19
231,reg,2018122310,PHI,HOU,16,2018,POST,http://www.nfl.com/liveupdate/game-center/2018122310/2018122310_gtd.json,32,30,1,0,25,25,519,371,462,309,57,62,11,10,105,61,3,1,2,4,96,161,34,38,33:45,26:15
232,reg,2018122304,CAR,ATL,16,2018,POST,http://www.nfl.com/liveupdate/game-center/2018122304/2018122304_gtd.json,10,24,0,1,29,16,436,427,295,233,141,194,10,4,86,41,4,2,3,5,128,235,40,44,37:29,22:31
233,reg,2018122300,IND,NYG,16,2018,POST,http://www.nfl.com/liveupdate/game-center/2018122300/2018122300_gtd.json,28,27,1,0,27,22,402,392,353,309,49,83,6,6,29,24,1,1,4,3,186,145,47,47,28:19,31:41
234,reg,2018122302,MIA,JAX,16,2018,POST,http://www.nfl.com/liveupdate/game-center/2018122302/2018122302_gtd.json,7,17,0,1,11,19,183,244,121,118,62,126,10,10,95,97,2,1,6,5,278,188,39,35,25:15,34:45
235,reg,2018122311,ARI,LA,16,2018,POST,http://www.nfl.com/liveupdate/game-center/2018122311/2018122311_gtd.json,9,31,0,1,15,33,263,461,159,192,104,269,7,6,54,66,0,1,5,2,246,103,44,51,22:56,37:04
236,reg,2018122312,SF,CHI,16,2018,POST,http://www.nfl.com/liveupdate/game-center/2018122312/2018122312_gtd.json,9,14,0,1,15,20,279,325,232,235,47,90,6,4,45,30,1,2,4,3,181,119,45,33,24:30,35:30
237,reg,2018122313,NO,PIT,16,2018,POST,http://www.nfl.com/liveupdate/game-center/2018122313/2018122313_gtd.json,31,28,1,0,24,26,370,429,313,364,57,65,9,6,91,79,1,2,3,2,141,98,47,39,28:40,31:20
238,reg,2018122314,SEA,KC,16,2018,POST,http://www.nfl.com/liveupdate/game-center/2018122314/2018122314_gtd.json,38,31,1,0,31,22,464,419,254,265,210,154,3,8,20,76,0,2,3,3,104,144,35,44,35:02,24:58
239,reg,2018122400,OAK,DEN,16,2018,POST,http://www.nfl.com/liveupdate/game-center/2018122400/2018122400_gtd.json,27,14,1,0,16,19,273,300,159,200,114,100,6,11,50,91,0,2,5,6,225,306,45,23,30:08,29:52
240,reg,2018123001,BUF,MIA,17,2018,POST,http://www.nfl.com/liveupdate/game-center/2018123001/2018123001_gtd.json,42,17,1,0,23,17,381,225,215,126,166,99,3,4,24,35,1,4,3,5,111,175,34,33,30:18,29:42
241,reg,2018123010,TB,ATL,17,2018,POST,http://www.nfl.com/liveupdate/game-center/2018123010/2018123010_gtd.json,32,34,0,1,22,27,433,489,341,380,92,109,3,9,30,85,1,1,4,5,202,245,44,43,25:14,34:46
242,reg,2018123008,NYG,DAL,17,2018,POST,http://www.nfl.com/liveupdate/game-center/2018123008/2018123008_gtd.json,35,36,0,1,20,23,441,419,298,368,143,51,11,6,78,46,2,1,2,3,94,116,47,32,29:08,30:52
243,reg,2018123007,NO,CAR,17,2018,POST,http://www.nfl.com/liveupdate/game-center/2018123007/2018123007_gtd.json,14,33,0,1,17,25,294,374,110,263,184,111,6,2,94,10,1,0,5,3,210,164,42,49,26:34,33:26
244,reg,2018123006,NE,NYJ,17,2018,POST,http://www.nfl.com/liveupdate/game-center/2018123006/2018123006_gtd.json,38,3,1,0,24,12,375,239,244,135,131,104,4,4,30,30,0,3,4,5,159,237,40,42,32:13,27:47
245,reg,2018123003,HOU,JAX,17,2018,POST,http://www.nfl.com/liveupdate/game-center/2018123003/2018123003_gtd.json,20,3,1,0,23,6,342,119,208,89,134,30,2,8,15,68,1,2,7,9,295,449,40,44,35:07,24:53
246,reg,2018123002,GB,DET,17,2018,POST,http://www.nfl.com/liveupdate/game-center/2018123002/2018123002_gtd.json,0,31,0,1,9,25,175,402,129,272,46,130,5,3,38,34,1,0,7,4,317,161,39,40,23:06,36:54
247,reg,2018123012,WAS,PHI,17,2018,POST,http://www.nfl.com/liveupdate/game-center/2018123012/2018123012_gtd.json,0,24,0,1,8,25,89,360,68,231,21,129,2,5,15,25,1,1,5,3,224,123,44,34,16:41,43:19
248,reg,2018123013,DEN,LAC,17,2018,POST,http://www.nfl.com/liveupdate/game-center/2018123013/2018123013_gtd.json,9,23,0,1,19,17,370,276,288,160,82,116,11,6,99,51,4,4,6,5,252,234,35,38,31:48,28:12
249,reg,2018123004,KC,OAK,17,2018,POST,http://www.nfl.com/liveupdate/game-center/2018123004/2018123004_gtd.json,35,3,1,0,18,20,409,292,310,165,99,127,4,4,50,22,1,4,1,4,28,182,28,40,26:04,33:56
250,reg,2018123005,MIN,CHI,17,2018,POST,http://www.nfl.com/liveupdate/game-center/2018123005/2018123005_gtd.json,10,24,0,1,12,17,164,332,101,163,63,169,3,11,30,102,0,0,5,4,257,175,52,43,22:52,37:08
251,reg,2018123000,BAL,CLE,17,2018,POST,http://www.nfl.com/liveupdate/game-center/2018123000/2018123000_gtd.json,26,24,1,0,24,18,463,426,167,376,296,50,10,4,65,35,1,3,4,4,196,180,38,40,38:30,21:30
252,reg,2018123014,LA,SF,17,2018,POST,http://www.nfl.com/liveupdate/game-center/2018123014/2018123014_gtd.json,48,32,1,0,28,22,377,391,222,264,155,127,6,5,57,41,0,4,3,2,130,99,43,44,31:50,28:10
253,reg,2018123009,PIT,CIN,17,2018,POST,http://www.nfl.com/liveupdate/game-center/2018123009/2018123009_gtd.json,16,13,1,0,18,9,343,196,278,71,65,125,9,9,70,85,1,0,5,6,189,278,38,43,34:22,25:38
254,reg,2018123015,SEA,ARI,17,2018,POST,http://www.nfl.com/liveupdate/game-center/2018123015/2018123015_gtd.json,27,24,1,0,16,12,291,198,109,113,182,85,1,3,10,20,1,2,8,5,330,247,27,45,29:09,30:51
255,reg,2018123011,TEN,IND,17,2018,POST,http://www.nfl.com/liveupdate/game-center/2018123011/2018123011_gtd.json,17,33,0,1,11,24,258,436,165,278,93,158,9,12,75,96,3,2,6,4,272,191,45,45,19:47,40:13
